[10/07 22:26:31] [INFO] [wWinMain] Application Start: AviUtl ExEdit2 2.1.12 (2011200)
[10/07 22:26:31] [INFO] [wWinMain] CPU: AMD Ryzen 7 7700 8-Core Processor              
[10/07 22:26:31] [INFO] [wWinMain] Memory: 32768MB
[10/07 22:26:31] [VERBOSE] [System::IniFile::loadFile] load ini file : E:\Downloads\web_render_aux2_prototype\web-render\.aviutl2-cli\development\Default.aul2 (section=27)
[10/07 22:26:31] [VERBOSE] [System::IniFile::loadFile] load ini file : E:\Downloads\web_render_aux2_prototype\web-render\.aviutl2-cli\development\Default.aul2 (section=27)
[10/07 22:26:31] [VERBOSE] [System::IniFile::loadFile] load ini file : E:\Downloads\web_render_aux2_prototype\web-render\.aviutl2-cli\development\Default.aul2 (section=27)
[10/07 22:26:31] [VERBOSE] [System::IniFile::loadFile] load ini file : E:\Downloads\web_render_aux2_prototype\web-render\.aviutl2-cli\development\data\module.ini (section=15)
[10/07 22:26:31] [INFO] [Media::FontManager::registerFontCollection] register font [Arial] 
[10/07 22:26:31] [INFO] [Media::FontManager::registerFontCollection] register font [Arial Narrow] 
[10/07 22:26:31] [INFO] [Media::FontManager::registerFontCollection] register font [Arial Black] 
[10/07 22:26:31] [INFO] [Media::FontManager::registerFontCollection] register font [Bahnschrift Light] 
[10/07 22:26:31] [INFO] [Media::FontManager::registerFontCollection] register font [Bahnschrift Light Condensed] 
[10/07 22:26:31] [INFO] [Media::FontManager::registerFontCollection] register font [Bahnschrift Light SemiCondensed] 
[10/07 22:26:31] [INFO] [Media::FontManager::registerFontCollection] register font [Bahnschrift SemiLight] 
[10/07 22:26:31] [INFO] [Media::FontManager::registerFontCollection] register font [Bahnschrift SemiLight Condensed] 
[10/07 22:26:31] [INFO] [Media::FontManager::registerFontCollection] register font [Bahnschrift SemiLight SemiCondensed] 
[10/07 22:26:31] [INFO] [Media::FontManager::registerFontCollection] register font [Bahnschrift] 
[10/07 22:26:31] [INFO] [Media::FontManager::registerFontCollection] register font [Bahnschrift Condensed] 
[10/07 22:26:31] [INFO] [Media::FontManager::registerFontCollection] register font [Bahnschrift SemiCondensed] 
[10/07 22:26:31] [INFO] [Media::FontManager::registerFontCollection] register font [Bahnschrift SemiBold] 
[10/07 22:26:31] [INFO] [Media::FontManager::registerFontCollection] register font [Bahnschrift SemiBold Condensed] 
[10/07 22:26:31] [INFO] [Media::FontManager::registerFontCollection] register font [Bahnschrift SemiBold SemiCondensed] 
[10/07 22:26:31] [INFO] [Media::FontManager::registerFontCollection] register font [Calibri Light] 
[10/07 22:26:31] [INFO] [Media::FontManager::registerFontCollection] register font [Calibri] 
[10/07 22:26:31] [INFO] [Media::FontManager::registerFontCollection] register font [Cambria] 
[10/07 22:26:31] [INFO] [Media::FontManager::registerFontCollection] register font [Cambria Math] 
[10/07 22:26:31] [INFO] [Media::FontManager::registerFontCollection] register font [Candara Light] 
[10/07 22:26:31] [INFO] [Media::FontManager::registerFontCollection] register font [Candara] 
[10/07 22:26:31] [INFO] [Media::FontManager::registerFontCollection] register font [Comic Sans MS] 
[10/07 22:26:31] [INFO] [Media::FontManager::registerFontCollection] register font [Consolas] 
[10/07 22:26:31] [INFO] [Media::FontManager::registerFontCollection] register font [Constantia] 
[10/07 22:26:31] [INFO] [Media::FontManager::registerFontCollection] register font [Corbel Light] 
[10/07 22:26:31] [INFO] [Media::FontManager::registerFontCollection] register font [Corbel] 
[10/07 22:26:31] [INFO] [Media::FontManager::registerFontCollection] register font [Courier New] 
[10/07 22:26:31] [INFO] [Media::FontManager::registerFontCollection] register font [Ebrima] 
[10/07 22:26:31] [INFO] [Media::FontManager::registerFontCollection] register font [Franklin Gothic Medium] 
[10/07 22:26:31] [INFO] [Media::FontManager::registerFontCollection] register font [Gabriola] 
[10/07 22:26:31] [INFO] [Media::FontManager::registerFontCollection] register font [Gadugi] 
[10/07 22:26:31] [INFO] [Media::FontManager::registerFontCollection] register font [Georgia] 
[10/07 22:26:31] [INFO] [Media::FontManager::registerFontCollection] register font [Impact] 
[10/07 22:26:31] [INFO] [Media::FontManager::registerFontCollection] register font [Ink Free] 
[10/07 22:26:31] [INFO] [Media::FontManager::registerFontCollection] register font [Javanese Text] 
[10/07 22:26:31] [INFO] [Media::FontManager::registerFontCollection] register font [Leelawadee UI Semilight] 
[10/07 22:26:31] [INFO] [Media::FontManager::registerFontCollection] register font [Leelawadee UI] 
[10/07 22:26:31] [INFO] [Media::FontManager::registerFontCollection] register font [Lucida Console] 
[10/07 22:26:31] [INFO] [Media::FontManager::registerFontCollection] register font [Lucida Sans Unicode] 
[10/07 22:26:31] [INFO] [Media::FontManager::registerFontCollection] register font [Malgun Gothic Semilight] 
[10/07 22:26:31] [INFO] [Media::FontManager::registerFontCollection] register font [Malgun Gothic] 
[10/07 22:26:31] [INFO] [Media::FontManager::registerFontCollection] register font [Microsoft Himalaya] 
[10/07 22:26:31] [INFO] [Media::FontManager::registerFontCollection] register font [Microsoft JhengHei Light] 
[10/07 22:26:31] [INFO] [Media::FontManager::registerFontCollection] register font [Microsoft JhengHei] 
[10/07 22:26:31] [INFO] [Media::FontManager::registerFontCollection] register font [Microsoft JhengHei UI Light] 
[10/07 22:26:31] [INFO] [Media::FontManager::registerFontCollection] register font [Microsoft JhengHei UI] 
[10/07 22:26:31] [INFO] [Media::FontManager::registerFontCollection] register font [Microsoft New Tai Lue] 
[10/07 22:26:31] [INFO] [Media::FontManager::registerFontCollection] register font [Microsoft PhagsPa] 
[10/07 22:26:31] [INFO] [Media::FontManager::registerFontCollection] register font [Microsoft Sans Serif] 
[10/07 22:26:31] [INFO] [Media::FontManager::registerFontCollection] register font [Microsoft Tai Le] 
[10/07 22:26:31] [INFO] [Media::FontManager::registerFontCollection] register font [Microsoft YaHei Light] 
[10/07 22:26:31] [INFO] [Media::FontManager::registerFontCollection] register font [Microsoft YaHei] 
[10/07 22:26:31] [INFO] [Media::FontManager::registerFontCollection] register font [Microsoft YaHei UI Light] 
[10/07 22:26:31] [INFO] [Media::FontManager::registerFontCollection] register font [Microsoft YaHei UI] 
[10/07 22:26:31] [INFO] [Media::FontManager::registerFontCollection] register font [Microsoft Yi Baiti] 
[10/07 22:26:31] [INFO] [Media::FontManager::registerFontCollection] register font [MingLiU-ExtB] 
[10/07 22:26:31] [INFO] [Media::FontManager::registerFontCollection] register font [PMingLiU-ExtB] 
[10/07 22:26:31] [INFO] [Media::FontManager::registerFontCollection] register font [MingLiU_HKSCS-ExtB] 
[10/07 22:26:31] [INFO] [Media::FontManager::registerFontCollection] register font [MingLiU_MSCS-ExtB] 
[10/07 22:26:31] [INFO] [Media::FontManager::registerFontCollection] register font [Mongolian Baiti] 
[10/07 22:26:31] [INFO] [Media::FontManager::registerFontCollection] register font [ÇlÇr ÉSÉVÉbÉN]*
[10/07 22:26:31] [INFO] [Media::FontManager::registerFontCollection] register font [MS UI Gothic]*
[10/07 22:26:31] [INFO] [Media::FontManager::registerFontCollection] register font [ÇlÇr ÇoÉSÉVÉbÉN]*
[10/07 22:26:31] [INFO] [Media::FontManager::registerFontCollection] register font [MV Boli] 
[10/07 22:26:31] [INFO] [Media::FontManager::registerFontCollection] register font [Myanmar Text] 
[10/07 22:26:31] [INFO] [Media::FontManager::registerFontCollection] register font [Nirmala UI Semilight] 
[10/07 22:26:31] [INFO] [Media::FontManager::registerFontCollection] register font [Nirmala UI] 
[10/07 22:26:31] [INFO] [Media::FontManager::registerFontCollection] register font [Nirmala Text Semilight] 
[10/07 22:26:31] [INFO] [Media::FontManager::registerFontCollection] register font [Nirmala Text] 
[10/07 22:26:31] [INFO] [Media::FontManager::registerFontCollection] register font [Palatino Linotype] 
[10/07 22:26:31] [INFO] [Media::FontManager::registerFontCollection] register font [Sans Serif Collection] 
[10/07 22:26:31] [INFO] [Media::FontManager::registerFontCollection] register font [Segoe Fluent Icons] 
[10/07 22:26:31] [INFO] [Media::FontManager::registerFontCollection] register font [Segoe MDL2 Assets] 
[10/07 22:26:31] [INFO] [Media::FontManager::registerFontCollection] register font [Segoe Print] 
[10/07 22:26:31] [INFO] [Media::FontManager::registerFontCollection] register font [Segoe Script] 
[10/07 22:26:31] [INFO] [Media::FontManager::registerFontCollection] register font [Segoe UI Light] 
[10/07 22:26:31] [INFO] [Media::FontManager::registerFontCollection] register font [Segoe UI Semilight] 
[10/07 22:26:31] [INFO] [Media::FontManager::registerFontCollection] register font [Segoe UI] 
[10/07 22:26:31] [INFO] [Media::FontManager::registerFontCollection] register font [Segoe UI Semibold] 
[10/07 22:26:31] [INFO] [Media::FontManager::registerFontCollection] register font [Segoe UI Black] 
[10/07 22:26:31] [INFO] [Media::FontManager::registerFontCollection] register font [Segoe UI Emoji] 
[10/07 22:26:31] [INFO] [Media::FontManager::registerFontCollection] register font [Segoe UI Historic] 
[10/07 22:26:31] [INFO] [Media::FontManager::registerFontCollection] register font [Segoe UI Symbol] 
[10/07 22:26:31] [INFO] [Media::FontManager::registerFontCollection] register font [Segoe UI Variable Small Light] 
[10/07 22:26:31] [INFO] [Media::FontManager::registerFontCollection] register font [Segoe UI Variable Small Semilight] 
[10/07 22:26:31] [INFO] [Media::FontManager::registerFontCollection] register font [Segoe UI Variable Small] 
[10/07 22:26:31] [INFO] [Media::FontManager::registerFontCollection] register font [Segoe UI Variable Small Semibold] 
[10/07 22:26:31] [INFO] [Media::FontManager::registerFontCollection] register font [Segoe UI Variable Text Light] 
[10/07 22:26:31] [INFO] [Media::FontManager::registerFontCollection] register font [Segoe UI Variable Text Semilight] 
[10/07 22:26:31] [INFO] [Media::FontManager::registerFontCollection] register font [Segoe UI Variable Text] 
[10/07 22:26:31] [INFO] [Media::FontManager::registerFontCollection] register font [Segoe UI Variable Text Semibold] 
[10/07 22:26:31] [INFO] [Media::FontManager::registerFontCollection] register font [Segoe UI Variable Display Light] 
[10/07 22:26:31] [INFO] [Media::FontManager::registerFontCollection] register font [Segoe UI Variable Display Semilight] 
[10/07 22:26:31] [INFO] [Media::FontManager::registerFontCollection] register font [Segoe UI Variable Display] 
[10/07 22:26:31] [INFO] [Media::FontManager::registerFontCollection] register font [Segoe UI Variable Display Semibold] 
[10/07 22:26:31] [INFO] [Media::FontManager::registerFontCollection] register font [SimSun] 
[10/07 22:26:31] [INFO] [Media::FontManager::registerFontCollection] register font [NSimSun] 
[10/07 22:26:31] [INFO] [Media::FontManager::registerFontCollection] register font [SimSun-ExtB] 
[10/07 22:26:31] [INFO] [Media::FontManager::registerFontCollection] register font [Sitka Small] 
[10/07 22:26:31] [INFO] [Media::FontManager::registerFontCollection] register font [Sitka Small Semibold] 
[10/07 22:26:31] [INFO] [Media::FontManager::registerFontCollection] register font [Sitka Text] 
[10/07 22:26:31] [INFO] [Media::FontManager::registerFontCollection] register font [Sitka Text Semibold] 
[10/07 22:26:31] [INFO] [Media::FontManager::registerFontCollection] register font [Sitka Subheading] 
[10/07 22:26:31] [INFO] [Media::FontManager::registerFontCollection] register font [Sitka Subheading Semibold] 
[10/07 22:26:31] [INFO] [Media::FontManager::registerFontCollection] register font [Sitka Heading] 
[10/07 22:26:31] [INFO] [Media::FontManager::registerFontCollection] register font [Sitka Heading Semibold] 
[10/07 22:26:31] [INFO] [Media::FontManager::registerFontCollection] register font [Sitka Display] 
[10/07 22:26:31] [INFO] [Media::FontManager::registerFontCollection] register font [Sitka Display Semibold] 
[10/07 22:26:31] [INFO] [Media::FontManager::registerFontCollection] register font [Sitka Banner] 
[10/07 22:26:31] [INFO] [Media::FontManager::registerFontCollection] register font [Sitka Banner Semibold] 
[10/07 22:26:31] [INFO] [Media::FontManager::registerFontCollection] register font [Sylfaen] 
[10/07 22:26:31] [INFO] [Media::FontManager::registerFontCollection] register font [Symbol] 
[10/07 22:26:31] [INFO] [Media::FontManager::registerFontCollection] register font [Tahoma] 
[10/07 22:26:31] [INFO] [Media::FontManager::registerFontCollection] register font [Times New Roman] 
[10/07 22:26:31] [INFO] [Media::FontManager::registerFontCollection] register font [Trebuchet MS] 
[10/07 22:26:31] [INFO] [Media::FontManager::registerFontCollection] register font [Verdana] 
[10/07 22:26:31] [INFO] [Media::FontManager::registerFontCollection] register font [Webdings] 
[10/07 22:26:31] [INFO] [Media::FontManager::registerFontCollection] register font [Wingdings] 
[10/07 22:26:31] [INFO] [Media::FontManager::registerFontCollection] register font [ü‡ÉSÉVÉbÉN Light]*
[10/07 22:26:31] [INFO] [Media::FontManager::registerFontCollection] register font [ü‡ÉSÉVÉbÉN]*
[10/07 22:26:31] [INFO] [Media::FontManager::registerFontCollection] register font [ü‡ÉSÉVÉbÉN Medium]*
[10/07 22:26:31] [INFO] [Media::FontManager::registerFontCollection] register font [Yu Gothic UI Light] 
[10/07 22:26:31] [INFO] [Media::FontManager::registerFontCollection] register font [Yu Gothic UI Semilight] 
[10/07 22:26:31] [INFO] [Media::FontManager::registerFontCollection] register font [Yu Gothic UI] 
[10/07 22:26:31] [INFO] [Media::FontManager::registerFontCollection] register font [Yu Gothic UI Semibold] 
[10/07 22:26:31] [INFO] [Media::FontManager::registerFontCollection] register font [BIZ UDÉSÉVÉbÉN]*
[10/07 22:26:31] [INFO] [Media::FontManager::registerFontCollection] register font [BIZ UDPÉSÉVÉbÉN]*
[10/07 22:26:31] [INFO] [Media::FontManager::registerFontCollection] register font [BIZ UDñæí© Medium]*
[10/07 22:26:31] [INFO] [Media::FontManager::registerFontCollection] register font [BIZ UDPñæí© Medium]*
[10/07 22:26:31] [INFO] [Media::FontManager::registerFontCollection] register font [ÉÅÉCÉäÉI]*
[10/07 22:26:31] [INFO] [Media::FontManager::registerFontCollection] register font [Meiryo UI]*
[10/07 22:26:31] [INFO] [Media::FontManager::registerFontCollection] register font [ÇlÇr ñæí©]*
[10/07 22:26:31] [INFO] [Media::FontManager::registerFontCollection] register font [ÇlÇr Çoñæí©]*
[10/07 22:26:31] [INFO] [Media::FontManager::registerFontCollection] register font [UD ÉfÉWÉ^Éã ã≥â»èëëÃ N]*
[10/07 22:26:31] [INFO] [Media::FontManager::registerFontCollection] register font [UD ÉfÉWÉ^Éã ã≥â»èëëÃ NP]*
[10/07 22:26:31] [INFO] [Media::FontManager::registerFontCollection] register font [UD ÉfÉWÉ^Éã ã≥â»èëëÃ NK]*
[10/07 22:26:31] [INFO] [Media::FontManager::registerFontCollection] register font [ü‡ñæí© Light]*
[10/07 22:26:31] [INFO] [Media::FontManager::registerFontCollection] register font [ü‡ñæí©]*
[10/07 22:26:31] [INFO] [Media::FontManager::registerFontCollection] register font [ü‡ñæí© Demibold]*
[10/07 22:26:31] [INFO] [Media::FontManager::registerFontCollection] register font [ZWAdobeF] 
[10/07 22:26:31] [INFO] [Media::FontManager::registerFontCollection] register font [Source Code Pro ExtraLight] 
[10/07 22:26:31] [INFO] [Media::FontManager::registerFontCollection] register font [Source Code Pro Light] 
[10/07 22:26:31] [INFO] [Media::FontManager::registerFontCollection] register font [Source Code Pro] 
[10/07 22:26:31] [INFO] [Media::FontManager::registerFontCollection] register font [Source Code Pro Medium] 
[10/07 22:26:31] [INFO] [Media::FontManager::registerFontCollection] register font [Source Code Pro Semibold] 
[10/07 22:26:31] [INFO] [Media::FontManager::registerFontCollection] register font [Source Code Pro Black] 
[10/07 22:26:31] [INFO] [Media::FontManager::registerFontCollection] register font [åπÉmäpÉSÉVÉbÉN Code JP EL]*
[10/07 22:26:31] [INFO] [Media::FontManager::registerFontCollection] register font [åπÉmäpÉSÉVÉbÉN Code JP L]*
[10/07 22:26:31] [INFO] [Media::FontManager::registerFontCollection] register font [åπÉmäpÉSÉVÉbÉN Code JP N]*
[10/07 22:26:31] [INFO] [Media::FontManager::registerFontCollection] register font [åπÉmäpÉSÉVÉbÉN Code JP R]*
[10/07 22:26:31] [INFO] [Media::FontManager::registerFontCollection] register font [åπÉmäpÉSÉVÉbÉN Code JP M]*
[10/07 22:26:31] [INFO] [Media::FontManager::registerFontCollection] register font [åπÉmäpÉSÉVÉbÉN Code JP H]*
[10/07 22:26:31] [INFO] [Media::FontManager::registerFontCollection] register font [Book Antiqua] 
[10/07 22:26:31] [INFO] [Media::FontManager::registerFontCollection] register font [Bookman Old Style] 
[10/07 22:26:31] [INFO] [Media::FontManager::registerFontCollection] register font [Bradley Hand ITC] 
[10/07 22:26:31] [INFO] [Media::FontManager::registerFontCollection] register font [Bookshelf Symbol 7] 
[10/07 22:26:31] [INFO] [Media::FontManager::registerFontCollection] register font [Century] 
[10/07 22:26:31] [INFO] [Media::FontManager::registerFontCollection] register font [Dubai Light] 
[10/07 22:26:31] [INFO] [Media::FontManager::registerFontCollection] register font [Dubai] 
[10/07 22:26:31] [INFO] [Media::FontManager::registerFontCollection] register font [Dubai Medium] 
[10/07 22:26:31] [INFO] [Media::FontManager::registerFontCollection] register font [Freestyle Script] 
[10/07 22:26:31] [INFO] [Media::FontManager::registerFontCollection] register font [French Script MT] 
[10/07 22:26:31] [INFO] [Media::FontManager::registerFontCollection] register font [Garamond] 
[10/07 22:26:31] [INFO] [Media::FontManager::registerFontCollection] register font [Century Gothic] 
[10/07 22:26:31] [INFO] [Media::FontManager::registerFontCollection] register font [HGê≥û≤èëëÃ-PRO]*
[10/07 22:26:31] [INFO] [Media::FontManager::registerFontCollection] register font [HGä€∫ﬁºØ∏M-PRO]*
[10/07 22:26:31] [INFO] [Media::FontManager::registerFontCollection] register font [Kristen ITC] 
[10/07 22:26:31] [INFO] [Media::FontManager::registerFontCollection] register font [Juice ITC] 
[10/07 22:26:31] [INFO] [Media::FontManager::registerFontCollection] register font [Leelawadee] 
[10/07 22:26:31] [INFO] [Media::FontManager::registerFontCollection] register font [Lucida Handwriting] 
[10/07 22:26:31] [INFO] [Media::FontManager::registerFontCollection] register font [Mistral] 
[10/07 22:26:31] [INFO] [Media::FontManager::registerFontCollection] register font [Microsoft Uighur] 
[10/07 22:26:31] [INFO] [Media::FontManager::registerFontCollection] register font [Monotype Corsiva] 
[10/07 22:26:31] [INFO] [Media::FontManager::registerFontCollection] register font [MT Extra] 
[10/07 22:26:31] [INFO] [Media::FontManager::registerFontCollection] register font [OCRB] 
[10/07 22:26:31] [INFO] [Media::FontManager::registerFontCollection] register font [MS Outlook] 
[10/07 22:26:31] [INFO] [Media::FontManager::registerFontCollection] register font [Papyrus] 
[10/07 22:26:31] [INFO] [Media::FontManager::registerFontCollection] register font [Pristina] 
[10/07 22:26:31] [INFO] [Media::FontManager::registerFontCollection] register font [MS Reference Sans Serif] 
[10/07 22:26:31] [INFO] [Media::FontManager::registerFontCollection] register font [MS Reference Specialty] 
[10/07 22:26:31] [INFO] [Media::FontManager::registerFontCollection] register font [Tempus Sans ITC] 
[10/07 22:26:31] [INFO] [Media::FontManager::registerFontCollection] register font [Wingdings 2] 
[10/07 22:26:31] [INFO] [Media::FontManager::registerFontCollection] register font [Wingdings 3] 
[10/07 22:26:31] [INFO] [Media::FontManager::registerFontCollection] register font [HG∫ﬁºØ∏E]*
[10/07 22:26:31] [INFO] [Media::FontManager::registerFontCollection] register font [HGP∫ﬁºØ∏E]*
[10/07 22:26:31] [INFO] [Media::FontManager::registerFontCollection] register font [HGS∫ﬁºØ∏E]*
[10/07 22:26:31] [INFO] [Media::FontManager::registerFontCollection] register font [HG∫ﬁºØ∏M]*
[10/07 22:26:31] [INFO] [Media::FontManager::registerFontCollection] register font [HGP∫ﬁºØ∏M]*
[10/07 22:26:31] [INFO] [Media::FontManager::registerFontCollection] register font [HGS∫ﬁºØ∏M]*
[10/07 22:26:31] [INFO] [Media::FontManager::registerFontCollection] register font [HGçsèëëÃ]*
[10/07 22:26:31] [INFO] [Media::FontManager::registerFontCollection] register font [HGPçsèëëÃ]*
[10/07 22:26:31] [INFO] [Media::FontManager::registerFontCollection] register font [HGSçsèëëÃ]*
[10/07 22:26:31] [INFO] [Media::FontManager::registerFontCollection] register font [HGã≥â»èëëÃ]*
[10/07 22:26:31] [INFO] [Media::FontManager::registerFontCollection] register font [HGPã≥â»èëëÃ]*
[10/07 22:26:31] [INFO] [Media::FontManager::registerFontCollection] register font [HGSã≥â»èëëÃ]*
[10/07 22:26:31] [INFO] [Media::FontManager::registerFontCollection] register font [HGñæí©B]*
[10/07 22:26:31] [INFO] [Media::FontManager::registerFontCollection] register font [HGPñæí©B]*
[10/07 22:26:31] [INFO] [Media::FontManager::registerFontCollection] register font [HGSñæí©B]*
[10/07 22:26:31] [INFO] [Media::FontManager::registerFontCollection] register font [HGñæí©E]*
[10/07 22:26:31] [INFO] [Media::FontManager::registerFontCollection] register font [HGPñæí©E]*
[10/07 22:26:31] [INFO] [Media::FontManager::registerFontCollection] register font [HGSñæí©E]*
[10/07 22:26:31] [INFO] [Media::FontManager::registerFontCollection] register font [HGënâpäpŒﬂØÃﬂëÃ]*
[10/07 22:26:31] [INFO] [Media::FontManager::registerFontCollection] register font [HGPënâpäpŒﬂØÃﬂëÃ]*
[10/07 22:26:31] [INFO] [Media::FontManager::registerFontCollection] register font [HGSënâpäpŒﬂØÃﬂëÃ]*
[10/07 22:26:31] [INFO] [Media::FontManager::registerFontCollection] register font [HGënâpÃﬂ⁄æﬁ›ΩEB]*
[10/07 22:26:31] [INFO] [Media::FontManager::registerFontCollection] register font [HGPënâpÃﬂ⁄æﬁ›ΩEB]*
[10/07 22:26:31] [INFO] [Media::FontManager::registerFontCollection] register font [HGSënâpÃﬂ⁄æﬁ›ΩEB]*
[10/07 22:26:31] [INFO] [Media::FontManager::registerFontCollection] register font [HGënâpäp∫ﬁºØ∏UB]*
[10/07 22:26:31] [INFO] [Media::FontManager::registerFontCollection] register font [HGPënâpäp∫ﬁºØ∏UB]*
[10/07 22:26:31] [INFO] [Media::FontManager::registerFontCollection] register font [HGSënâpäp∫ﬁºØ∏UB]*
[10/07 22:26:31] [INFO] [Media::FontManager::registerFontCollection] register font [SimSun-ExtG] 
[10/07 22:26:31] [INFO] [Media::FontManager::registerFontCollection] register font [EPSON ÉSÉVÉbÉN W6]*
[10/07 22:26:31] [INFO] [Media::FontManager::registerFontCollection] register font [EPSON PÉSÉVÉbÉN W6]*
[10/07 22:26:31] [INFO] [Media::FontManager::registerFontCollection] register font [EPSON ÉSÉVÉbÉN W7]*
[10/07 22:26:31] [INFO] [Media::FontManager::registerFontCollection] register font [EPSON PÉSÉVÉbÉN W7]*
[10/07 22:26:31] [INFO] [Media::FontManager::registerFontCollection] register font [EPSON ëæäpÉSÉVÉbÉNëÃÇa]*
[10/07 22:26:31] [INFO] [Media::FontManager::registerFontCollection] register font [EPSON ëæä€ÉSÉVÉbÉNëÃÇa]*
[10/07 22:26:31] [INFO] [Media::FontManager::registerFontCollection] register font [Noto Sans JP Thin] 
[10/07 22:26:31] [INFO] [Media::FontManager::registerFontCollection] register font [Noto Sans JP Light] 
[10/07 22:26:31] [INFO] [Media::FontManager::registerFontCollection] register font [Noto Sans JP DemiLight] 
[10/07 22:26:31] [INFO] [Media::FontManager::registerFontCollection] register font [Noto Sans JP] 
[10/07 22:26:31] [INFO] [Media::FontManager::registerFontCollection] register font [Noto Sans JP Regular] 
[10/07 22:26:31] [INFO] [Media::FontManager::registerFontCollection] register font [Noto Sans JP Medium] 
[10/07 22:26:31] [INFO] [Media::FontManager::registerFontCollection] register font [Noto Sans JP Bold] 
[10/07 22:26:31] [INFO] [Media::FontManager::registerFontCollection] register font [Noto Sans JP Black] 
[10/07 22:26:31] [INFO] [Media::FontManager::registerFontCollection] register font [Noto Serif JP ExtraLight] 
[10/07 22:26:31] [INFO] [Media::FontManager::registerFontCollection] register font [Noto Serif JP Light] 
[10/07 22:26:31] [INFO] [Media::FontManager::registerFontCollection] register font [Noto Serif JP] 
[10/07 22:26:31] [INFO] [Media::FontManager::registerFontCollection] register font [Noto Serif JP Medium] 
[10/07 22:26:31] [INFO] [Media::FontManager::registerFontCollection] register font [Noto Serif JP SemiBold] 
[10/07 22:26:31] [INFO] [Media::FontManager::registerFontCollection] register font [Noto Serif JP Black] 
[10/07 22:26:31] [INFO] [Media::FontManager::registerFontCollection] register font [AniMe Vision - MB_EN] 
[10/07 22:26:31] [INFO] [Media::FontManager::registerFontCollection] register font [Tera Special] 
[10/07 22:26:31] [INFO] [Media::FontManager::registerFontCollection] register font [ROG Fonts] 
[10/07 22:26:31] [INFO] [Media::FontManager::registerFontCollection] register font [Windows TV ä€ÉSÉVÉbÉN]*
[10/07 22:26:31] [INFO] [Media::FontManager::registerFontCollection] register font [Windows TV Pä€ÉSÉVÉbÉN]*
[10/07 22:26:31] [INFO] [Media::FontManager::registerFontCollection] register font [Windows TV ëæä€ÉSÉVÉbÉN]*
[10/07 22:26:31] [INFO] [Media::FontManager::registerFontCollection] register font [Windows TV Pëæä€ÉSÉVÉbÉN]*
[10/07 22:26:31] [INFO] [Media::FontManager::registerFontCollection] register font [Windows TV ÉSÉVÉbÉN]*
[10/07 22:26:31] [INFO] [Media::FontManager::registerFontCollection] register font [Windows TV PÉSÉVÉbÉN]*
[10/07 22:26:31] [INFO] [Media::FontManager::registerFontCollection] register font [NEXON Football Gothic B] 
[10/07 22:26:31] [INFO] [Media::FontManager::registerFontCollection] register font [NEXON Football Gothic L] 
[10/07 22:26:31] [INFO] [Media::FontManager::registerFontCollection] register font [Caladea] 
[10/07 22:26:31] [INFO] [Media::FontManager::registerFontCollection] register font [DejaVu Serif] 
[10/07 22:26:31] [INFO] [Media::FontManager::registerFontCollection] register font [DejaVu Serif Condensed] 
[10/07 22:26:31] [INFO] [Media::FontManager::registerFontCollection] register font [DejaVu Sans Light] 
[10/07 22:26:31] [INFO] [Media::FontManager::registerFontCollection] register font [DejaVu Sans] 
[10/07 22:26:31] [INFO] [Media::FontManager::registerFontCollection] register font [DejaVu Sans Condensed] 
[10/07 22:26:31] [INFO] [Media::FontManager::registerFontCollection] register font [Gentium Book Basic] 
[10/07 22:26:31] [INFO] [Media::FontManager::registerFontCollection] register font [DejaVu Sans Mono] 
[10/07 22:26:31] [INFO] [Media::FontManager::registerFontCollection] register font [Gentium Basic] 
[10/07 22:26:31] [INFO] [Media::FontManager::registerFontCollection] register font [Carlito] 
[10/07 22:26:31] [INFO] [Media::FontManager::registerFontCollection] register font [OpenSymbol] 
[10/07 22:26:31] [INFO] [Media::FontManager::registerFontCollection] register font [TtsNote] 
[10/07 22:26:31] [INFO] [Media::FontManager::registerFontCollection] register font [Cascadia Code ExtraLight] 
[10/07 22:26:31] [INFO] [Media::FontManager::registerFontCollection] register font [Cascadia Code Light] 
[10/07 22:26:31] [INFO] [Media::FontManager::registerFontCollection] register font [Cascadia Code SemiLight] 
[10/07 22:26:31] [INFO] [Media::FontManager::registerFontCollection] register font [Cascadia Code] 
[10/07 22:26:31] [INFO] [Media::FontManager::registerFontCollection] register font [Cascadia Code SemiBold] 
[10/07 22:26:31] [INFO] [Media::FontManager::registerFontCollection] register font [Cascadia Mono ExtraLight] 
[10/07 22:26:31] [INFO] [Media::FontManager::registerFontCollection] register font [Cascadia Mono Light] 
[10/07 22:26:31] [INFO] [Media::FontManager::registerFontCollection] register font [Cascadia Mono SemiLight] 
[10/07 22:26:31] [INFO] [Media::FontManager::registerFontCollection] register font [Cascadia Mono] 
[10/07 22:26:31] [INFO] [Media::FontManager::registerFontCollection] register font [Cascadia Mono SemiBold] 
[10/07 22:26:31] [INFO] [Media::FontManager::registerFontCollection] register font [Bravura] 
[10/07 22:26:31] [INFO] [Media::FontManager::registerFontCollection] register font [Bravura Text] 
[10/07 22:26:31] [INFO] [Media::FontManager::registerFontCollection] register font [Petaluma] 
[10/07 22:26:31] [INFO] [Media::FontManager::registerFontCollection] register font [Petaluma Script] 
[10/07 22:26:31] [INFO] [Media::FontManager::registerFontCollection] register font [Petaluma Text] 
[10/07 22:26:31] [INFO] [Media::FontManager::registerFontCollection] register font [Academico] 
[10/07 22:26:31] [INFO] [Media::FontManager::registerFontCollection] register font [Lato Thin] 
[10/07 22:26:31] [INFO] [Media::FontManager::registerFontCollection] register font [Lato Light] 
[10/07 22:26:31] [INFO] [Media::FontManager::registerFontCollection] register font [Lato] 
[10/07 22:26:31] [INFO] [Media::FontManager::registerFontCollection] register font [Lato Medium] 
[10/07 22:26:31] [INFO] [Media::FontManager::registerFontCollection] register font [Lato Semibold] 
[10/07 22:26:31] [INFO] [Media::FontManager::registerFontCollection] register font [Lato Heavy] 
[10/07 22:26:31] [INFO] [Media::FontManager::registerFontCollection] register font [Lato Black] 
[10/07 22:26:31] [INFO] [Media::FontManager::registerFontCollection] register font [Lato Hairline] 
[10/07 22:26:31] [INFO] [Media::FontManager::registerFontCollection] register font [Marlett] 
[10/07 22:26:31] [INFO] [Media::FontManager::registerFontCollection] register font [SF Pro Display] 
[10/07 22:26:31] [INFO] [Media::FontManager::registerFontCollection] register font [BernhardFashion] 
[10/07 22:26:31] [INFO] [Media::FontManager::registerFontCollection] register font [ÇcÇeã…ëæÉSÉVÉbÉNëÃ]*
[10/07 22:26:31] [INFO] [Media::FontManager::registerFontCollection] register font [ÇcÇeÇoã…ëæÉSÉVÉbÉNëÃ]*
[10/07 22:26:31] [INFO] [Media::FontManager::registerFontCollection] register font [ÇcÇeÇfã…ëæÉSÉVÉbÉNëÃ]*
[10/07 22:26:31] [INFO] [Media::FontManager::registerFontCollection] register font [Inter Thin] 
[10/07 22:26:31] [INFO] [Media::FontManager::registerFontCollection] register font [Inter ExtraLight] 
[10/07 22:26:31] [INFO] [Media::FontManager::registerFontCollection] register font [Inter Light] 
[10/07 22:26:31] [INFO] [Media::FontManager::registerFontCollection] register font [Inter] 
[10/07 22:26:31] [INFO] [Media::FontManager::registerFontCollection] register font [Inter Medium] 
[10/07 22:26:31] [INFO] [Media::FontManager::registerFontCollection] register font [Inter SemiBold] 
[10/07 22:26:31] [INFO] [Media::FontManager::registerFontCollection] register font [Inter ExtraBold] 
[10/07 22:26:31] [INFO] [Media::FontManager::registerFontCollection] register font [Inter Black] 
[10/07 22:26:31] [INFO] [Media::FontManager::registerFontCollection] register font [Raleway Thin] 
[10/07 22:26:31] [INFO] [Media::FontManager::registerFontCollection] register font [Raleway ExtraLight] 
[10/07 22:26:31] [INFO] [Media::FontManager::registerFontCollection] register font [Raleway Light] 
[10/07 22:26:31] [INFO] [Media::FontManager::registerFontCollection] register font [Raleway] 
[10/07 22:26:31] [INFO] [Media::FontManager::registerFontCollection] register font [Raleway Medium] 
[10/07 22:26:31] [INFO] [Media::FontManager::registerFontCollection] register font [Raleway SemiBold] 
[10/07 22:26:31] [INFO] [Media::FontManager::registerFontCollection] register font [Raleway ExtraBold] 
[10/07 22:26:31] [INFO] [Media::FontManager::registerFontCollection] register font [Raleway Black] 
[10/07 22:26:31] [INFO] [Media::FontManager::registerFontCollection] register font [LINE Seed JP_OTF Thin]*
[10/07 22:26:31] [INFO] [Media::FontManager::registerFontCollection] register font [LINE Seed JP_OTF Regular]*
[10/07 22:26:31] [INFO] [Media::FontManager::registerFontCollection] register font [LINE Seed JP_OTF Bold]*
[10/07 22:26:31] [INFO] [Media::FontManager::registerFontCollection] register font [LINE Seed JP_OTF ExtraBold]*
[10/07 22:26:31] [INFO] [Media::FontManager::registerFontCollection] register font [Rationale] 
[10/07 22:26:31] [INFO] [Media::FontManager::registerFontCollection] register font [Pinyon Script] 
[10/07 22:26:31] [INFO] [Media::FontManager::registerFontCollection] register font [Montserrat Thin] 
[10/07 22:26:31] [INFO] [Media::FontManager::registerFontCollection] register font [Montserrat ExtraLight] 
[10/07 22:26:31] [INFO] [Media::FontManager::registerFontCollection] register font [Montserrat Light] 
[10/07 22:26:31] [INFO] [Media::FontManager::registerFontCollection] register font [Montserrat] 
[10/07 22:26:31] [INFO] [Media::FontManager::registerFontCollection] register font [Montserrat Medium] 
[10/07 22:26:31] [INFO] [Media::FontManager::registerFontCollection] register font [Montserrat SemiBold] 
[10/07 22:26:31] [INFO] [Media::FontManager::registerFontCollection] register font [Montserrat ExtraBold] 
[10/07 22:26:31] [INFO] [Media::FontManager::registerFontCollection] register font [Montserrat Black] 
[10/07 22:26:31] [INFO] [Media::FontManager::registerFontCollection] register font [Credit Card] 
[10/07 22:26:31] [INFO] [Media::FontManager::registerFontCollection] register font [Comfortaa Light] 
[10/07 22:26:31] [INFO] [Media::FontManager::registerFontCollection] register font [Comfortaa] 
[10/07 22:26:31] [INFO] [Media::FontManager::registerFontCollection] register font [Comfortaa Medium] 
[10/07 22:26:31] [INFO] [Media::FontManager::registerFontCollection] register font [Comfortaa SemiBold] 
[10/07 22:26:31] [INFO] [Media::FontManager::registerFontCollection] register font [ÇcÇeó¨óÍëÃW7]*
[10/07 22:26:31] [INFO] [Media::FontManager::registerFontCollection] register font [ÇcÇeóÍèëëÃ]*
[10/07 22:26:31] [INFO] [Media::FontManager::registerFontCollection] register font [ÇcÇeÇoóÍèëëÃ]*
[10/07 22:26:31] [INFO] [Media::FontManager::registerFontCollection] register font [ÇcÇeÇfóÍèëëÃ]*
[10/07 22:26:31] [INFO] [Media::FontManager::registerFontCollection] register font [ÇcÇeóÌâÎëv]*
[10/07 22:26:31] [INFO] [Media::FontManager::registerFontCollection] register font [ÇcÇeÈ∞îËëÃW7]*
[10/07 22:26:31] [INFO] [Media::FontManager::registerFontCollection] register font [óL‡Vçsèë]*
[10/07 22:26:31] [INFO] [Media::FontManager::registerFontCollection] register font [óL‡Vû≤èë]*
[10/07 22:26:31] [INFO] [Media::FontManager::registerFontCollection] register font [ARä€ÉSÉVÉbÉNëÃM] 
[10/07 22:26:31] [INFO] [Media::FontManager::registerFontCollection] register font [AR Pä€ÉSÉVÉbÉNëÃM] 
[10/07 22:26:31] [INFO] [Media::FontManager::registerFontCollection] register font [óL‡Vëæû≤èë]*
[10/07 22:26:31] [INFO] [Media::FontManager::registerFontCollection] register font [óL‡Vëæû≤èëP]*
[10/07 22:26:31] [INFO] [Media::FontManager::registerFontCollection] register font [Batang] 
[10/07 22:26:31] [INFO] [Media::FontManager::registerFontCollection] register font [BatangChe] 
[10/07 22:26:31] [INFO] [Media::FontManager::registerFontCollection] register font [Gungsuh] 
[10/07 22:26:31] [INFO] [Media::FontManager::registerFontCollection] register font [GungsuhChe] 
[10/07 22:26:31] [INFO] [Media::FontManager::registerFontCollection] register font [ÇcÇeÉNÉâÉtÉgóVW5]*
[10/07 22:26:31] [INFO] [Media::FontManager::registerFontCollection] register font [ÇcÇeÇoÉNÉâÉtÉgóVW5]*
[10/07 22:26:31] [INFO] [Media::FontManager::registerFontCollection] register font [ÇcÇeÇfÉNÉâÉtÉgóVW5]*
[10/07 22:26:31] [INFO] [Media::FontManager::registerFontCollection] register font [ÇcÇeÉtÉäÅ[ó¨ót]*
[10/07 22:26:31] [INFO] [Media::FontManager::registerFontCollection] register font [ÇcÇeÇoÉtÉäÅ[ó¨ót]*
[10/07 22:26:31] [INFO] [Media::FontManager::registerFontCollection] register font [ÇcÇeÇfÉtÉäÅ[ó¨ót]*
[10/07 22:26:31] [INFO] [Media::FontManager::registerFontCollection] register font [ÇcÇeÇoÈ∞îËëÃW7]*
[10/07 22:26:31] [INFO] [Media::FontManager::registerFontCollection] register font [ÇcÇeÇfÈ∞îËëÃW7]*
[10/07 22:26:31] [INFO] [Media::FontManager::registerFontCollection] register font [ÇcÇeì¡ëæÉSÉVÉbÉNëÃ]*
[10/07 22:26:31] [INFO] [Media::FontManager::registerFontCollection] register font [ÇcÇeÇoì¡ëæÉSÉVÉbÉNëÃ]*
[10/07 22:26:31] [INFO] [Media::FontManager::registerFontCollection] register font [ÇcÇeÇfì¡ëæÉSÉVÉbÉNëÃ]*
[10/07 22:26:31] [INFO] [Media::FontManager::registerFontCollection] register font [ÇcÇeí¥ã…ëæÉSÉVÉbÉNëÃ]*
[10/07 22:26:31] [INFO] [Media::FontManager::registerFontCollection] register font [ÇcÇeÇoí¥ã…ëæÉSÉVÉbÉNëÃ]*
[10/07 22:26:31] [INFO] [Media::FontManager::registerFontCollection] register font [ÇcÇeÇfí¥ã…ëæÉSÉVÉbÉNëÃ]*
[10/07 22:26:31] [INFO] [Media::FontManager::registerFontCollection] register font [ÇcÇeçsèëëÃ]*
[10/07 22:26:31] [INFO] [Media::FontManager::registerFontCollection] register font [ÇcÇeÇoçsèëëÃ]*
[10/07 22:26:31] [INFO] [Media::FontManager::registerFontCollection] register font [ÇcÇeÇfçsèëëÃ]*
[10/07 22:26:31] [INFO] [Media::FontManager::registerFontCollection] register font [ÇcÇeïΩê¨ÉSÉVÉbÉNëÃW3]*
[10/07 22:26:31] [INFO] [Media::FontManager::registerFontCollection] register font [ÇcÇeÇoïΩê¨ÉSÉVÉbÉNëÃW3]*
[10/07 22:26:31] [INFO] [Media::FontManager::registerFontCollection] register font [ÇcÇeÇfïΩê¨ÉSÉVÉbÉNëÃW3]*
[10/07 22:26:31] [INFO] [Media::FontManager::registerFontCollection] register font [ÇcÇeïΩê¨ÉSÉVÉbÉNëÃW5]*
[10/07 22:26:31] [INFO] [Media::FontManager::registerFontCollection] register font [ÇcÇeÇoïΩê¨ÉSÉVÉbÉNëÃW5]*
[10/07 22:26:31] [INFO] [Media::FontManager::registerFontCollection] register font [ÇcÇeÇfïΩê¨ÉSÉVÉbÉNëÃW5]*
[10/07 22:26:31] [INFO] [Media::FontManager::registerFontCollection] register font [ÇcÇeïΩê¨ÉSÉVÉbÉNëÃW7]*
[10/07 22:26:31] [INFO] [Media::FontManager::registerFontCollection] register font [ÇcÇeÇoïΩê¨ÉSÉVÉbÉNëÃW7]*
[10/07 22:26:31] [INFO] [Media::FontManager::registerFontCollection] register font [ÇcÇeÇfïΩê¨ÉSÉVÉbÉNëÃW7]*
[10/07 22:26:31] [INFO] [Media::FontManager::registerFontCollection] register font [ÇcÇeïΩê¨ÉSÉVÉbÉNëÃW9]*
[10/07 22:26:31] [INFO] [Media::FontManager::registerFontCollection] register font [ÇcÇeÇoïΩê¨ÉSÉVÉbÉNëÃW9]*
[10/07 22:26:31] [INFO] [Media::FontManager::registerFontCollection] register font [ÇcÇeÇfïΩê¨ÉSÉVÉbÉNëÃW9]*
[10/07 22:26:31] [INFO] [Media::FontManager::registerFontCollection] register font [ÇcÇeïΩê¨ä€ÉSÉVÉbÉNëÃW4]*
[10/07 22:26:31] [INFO] [Media::FontManager::registerFontCollection] register font [ÇcÇeÇoïΩê¨ä€ÉSÉVÉbÉNëÃW4]*
[10/07 22:26:31] [INFO] [Media::FontManager::registerFontCollection] register font [ÇcÇeÇfïΩê¨ä€ÉSÉVÉbÉNëÃW4]*
[10/07 22:26:31] [INFO] [Media::FontManager::registerFontCollection] register font [ÇcÇeïΩê¨ñæí©ëÃW3]*
[10/07 22:26:31] [INFO] [Media::FontManager::registerFontCollection] register font [ÇcÇeÇoïΩê¨ñæí©ëÃW3]*
[10/07 22:26:31] [INFO] [Media::FontManager::registerFontCollection] register font [ÇcÇeÇfïΩê¨ñæí©ëÃW3]*
[10/07 22:26:31] [INFO] [Media::FontManager::registerFontCollection] register font [ÇcÇeïΩê¨ñæí©ëÃW5]*
[10/07 22:26:31] [INFO] [Media::FontManager::registerFontCollection] register font [ÇcÇeÇoïΩê¨ñæí©ëÃW5]*
[10/07 22:26:31] [INFO] [Media::FontManager::registerFontCollection] register font [ÇcÇeÇfïΩê¨ñæí©ëÃW5]*
[10/07 22:26:31] [INFO] [Media::FontManager::registerFontCollection] register font [ÇcÇeïΩê¨ñæí©ëÃW7]*
[10/07 22:26:31] [INFO] [Media::FontManager::registerFontCollection] register font [ÇcÇeÇoïΩê¨ñæí©ëÃW7]*
[10/07 22:26:31] [INFO] [Media::FontManager::registerFontCollection] register font [ÇcÇeÇfïΩê¨ñæí©ëÃW7]*
[10/07 22:26:31] [INFO] [Media::FontManager::registerFontCollection] register font [ÇcÇeïΩê¨ñæí©ëÃW9]*
[10/07 22:26:31] [INFO] [Media::FontManager::registerFontCollection] register font [ÇcÇeÇoïΩê¨ñæí©ëÃW9]*
[10/07 22:26:31] [INFO] [Media::FontManager::registerFontCollection] register font [ÇcÇeÇfïΩê¨ñæí©ëÃW9]*
[10/07 22:26:31] [INFO] [Media::FontManager::registerFontCollection] register font [ÇcÇeíÜëæû≤èëëÃ]*
[10/07 22:26:31] [INFO] [Media::FontManager::registerFontCollection] register font [ÇcÇeëæû≤èëëÃ]*
[10/07 22:26:31] [INFO] [Media::FontManager::registerFontCollection] register font [ÇcÇeç◊û≤èëëÃ]*
[10/07 22:26:31] [INFO] [Media::FontManager::registerFontCollection] register font [ÇcÇeÇoç◊û≤èëëÃ]*
[10/07 22:26:31] [INFO] [Media::FontManager::registerFontCollection] register font [ÇcÇeÇfç◊û≤èëëÃ]*
[10/07 22:26:31] [INFO] [Media::FontManager::registerFontCollection] register font [ÇcÇeíÜû≤èëëÃ]*
[10/07 22:26:31] [INFO] [Media::FontManager::registerFontCollection] register font [ÇcÇeÇoíÜû≤èëëÃ]*
[10/07 22:26:31] [INFO] [Media::FontManager::registerFontCollection] register font [ÇcÇeÇfíÜû≤èëëÃ]*
[10/07 22:26:31] [INFO] [Media::FontManager::registerFontCollection] register font [ÇcÇeã…ëæû≤èëëÃ]*
[10/07 22:26:31] [INFO] [Media::FontManager::registerFontCollection] register font [ÇcÇeÇoã…ëæû≤èëëÃ]*
[10/07 22:26:31] [INFO] [Media::FontManager::registerFontCollection] register font [ÇcÇeÇfã…ëæû≤èëëÃ]*
[10/07 22:26:31] [INFO] [Media::FontManager::registerFontCollection] register font [ÇcÇeä®í‡ó¨]*
[10/07 22:26:31] [INFO] [Media::FontManager::registerFontCollection] register font [ÇcÇeÇoä®í‡ó¨]*
[10/07 22:26:31] [INFO] [Media::FontManager::registerFontCollection] register font [ÇcÇeÇfä®í‡ó¨]*
[10/07 22:26:31] [INFO] [Media::FontManager::registerFontCollection] register font [ÇcÇeçNàÛëÃW4]*
[10/07 22:26:31] [INFO] [Media::FontManager::registerFontCollection] register font [ÇcÇeÇoçNàÛëÃW4]*
[10/07 22:26:31] [INFO] [Media::FontManager::registerFontCollection] register font [ÇcÇeÇfçNàÛëÃW4]*
[10/07 22:26:31] [INFO] [Media::FontManager::registerFontCollection] register font [ÇcÇeã≥â»èëëÃW3]*
[10/07 22:26:31] [INFO] [Media::FontManager::registerFontCollection] register font [ÇcÇeÇoã≥â»èëëÃW3]*
[10/07 22:26:31] [INFO] [Media::FontManager::registerFontCollection] register font [ÇcÇeÇfã≥â»èëëÃW3]*
[10/07 22:26:31] [INFO] [Media::FontManager::registerFontCollection] register font [ÇcÇeã≥â»èëëÃW4]*
[10/07 22:26:31] [INFO] [Media::FontManager::registerFontCollection] register font [ÇcÇeÇoã≥â»èëëÃW4]*
[10/07 22:26:31] [INFO] [Media::FontManager::registerFontCollection] register font [ÇcÇeÇfã≥â»èëëÃW4]*
[10/07 22:26:31] [INFO] [Media::FontManager::registerFontCollection] register font [ÇcÇeÇoóÌâÎëv]*
[10/07 22:26:31] [INFO] [Media::FontManager::registerFontCollection] register font [ÇcÇeÇfóÌâÎëv]*
[10/07 22:26:31] [INFO] [Media::FontManager::registerFontCollection] register font [ÇcÇeíÜëæä€ÉSÉVÉbÉNëÃ]*
[10/07 22:26:31] [INFO] [Media::FontManager::registerFontCollection] register font [ÇcÇeÇoíÜëæä€ÉSÉVÉbÉNëÃ]*
[10/07 22:26:31] [INFO] [Media::FontManager::registerFontCollection] register font [ÇcÇeÇfíÜëæä€ÉSÉVÉbÉNëÃ]*
[10/07 22:26:31] [INFO] [Media::FontManager::registerFontCollection] register font [ÇcÇeç◊ä€ÉSÉVÉbÉNëÃ]*
[10/07 22:26:31] [INFO] [Media::FontManager::registerFontCollection] register font [ÇcÇeÇoç◊ä€ÉSÉVÉbÉNëÃ]*
[10/07 22:26:31] [INFO] [Media::FontManager::registerFontCollection] register font [ÇcÇeÇfç◊ä€ÉSÉVÉbÉNëÃ]*
[10/07 22:26:31] [INFO] [Media::FontManager::registerFontCollection] register font [ÇcÇeíÜä€ÉSÉVÉbÉNëÃ]*
[10/07 22:26:31] [INFO] [Media::FontManager::registerFontCollection] register font [ÇcÇeÇoíÜä€ÉSÉVÉbÉNëÃ]*
[10/07 22:26:31] [INFO] [Media::FontManager::registerFontCollection] register font [ÇcÇeÇfíÜä€ÉSÉVÉbÉNëÃ]*
[10/07 22:26:31] [INFO] [Media::FontManager::registerFontCollection] register font [ÇcÇeëæä€ÉSÉVÉbÉNëÃ]*
[10/07 22:26:31] [INFO] [Media::FontManager::registerFontCollection] register font [ÇcÇeÇoëæä€ÉSÉVÉbÉNëÃ]*
[10/07 22:26:31] [INFO] [Media::FontManager::registerFontCollection] register font [ÇcÇeÇfëæä€ÉSÉVÉbÉNëÃ]*
[10/07 22:26:31] [INFO] [Media::FontManager::registerFontCollection] register font [ÇcÇeÇ‹ÇÈÇ‡Ç∂ëÃ]*
[10/07 22:26:31] [INFO] [Media::FontManager::registerFontCollection] register font [ÇcÇeÇoÇ‹ÇÈÇ‡Ç∂ëÃ]*
[10/07 22:26:31] [INFO] [Media::FontManager::registerFontCollection] register font [ÇcÇeÇfÇ‹ÇÈÇ‡Ç∂ëÃ]*
[10/07 22:26:31] [INFO] [Media::FontManager::registerFontCollection] register font [ÇcÇeÇ‹ÇÈÇ‡Ç∂ëÃW3]*
[10/07 22:26:31] [INFO] [Media::FontManager::registerFontCollection] register font [ÇcÇeÇoÇ‹ÇÈÇ‡Ç∂ëÃW3]*
[10/07 22:26:31] [INFO] [Media::FontManager::registerFontCollection] register font [ÇcÇeÇfÇ‹ÇÈÇ‡Ç∂ëÃW3]*
[10/07 22:26:31] [INFO] [Media::FontManager::registerFontCollection] register font [ÇcÇeÇ‹ÇÈÇ‡Ç∂ëÃW7]*
[10/07 22:26:31] [INFO] [Media::FontManager::registerFontCollection] register font [ÇcÇeÇoÇ‹ÇÈÇ‡Ç∂ëÃW7]*
[10/07 22:26:31] [INFO] [Media::FontManager::registerFontCollection] register font [ÇcÇeÇfÇ‹ÇÈÇ‡Ç∂ëÃW7]*
[10/07 22:26:31] [INFO] [Media::FontManager::registerFontCollection] register font [ÇcÇeÇ‹ÇÈÇ‡Ç∂ëÃW9]*
[10/07 22:26:31] [INFO] [Media::FontManager::registerFontCollection] register font [ÇcÇeÇoÇ‹ÇÈÇ‡Ç∂ëÃW9]*
[10/07 22:26:31] [INFO] [Media::FontManager::registerFontCollection] register font [ÇcÇeÇfÇ‹ÇÈÇ‡Ç∂ëÃW9]*
[10/07 22:26:31] [INFO] [Media::FontManager::registerFontCollection] register font [ÇcÇeí¥ã…ëæñæí©ëÃ]*
[10/07 22:26:31] [INFO] [Media::FontManager::registerFontCollection] register font [ÇcÇeÇoí¥ã…ëæñæí©ëÃ]*
[10/07 22:26:31] [INFO] [Media::FontManager::registerFontCollection] register font [ÇcÇeÇfí¥ã…ëæñæí©ëÃ]*
[10/07 22:26:31] [INFO] [Media::FontManager::registerFontCollection] register font [ÇcÇeã…ëæñæí©ëÃ]*
[10/07 22:26:31] [INFO] [Media::FontManager::registerFontCollection] register font [ÇcÇeÇoã…ëæñæí©ëÃ]*
[10/07 22:26:31] [INFO] [Media::FontManager::registerFontCollection] register font [ÇcÇeÇfã…ëæñæí©ëÃ]*
[10/07 22:26:31] [INFO] [Media::FontManager::registerFontCollection] register font [ÇcÇeÇoïóâ_ëÃW7]*
[10/07 22:26:31] [INFO] [Media::FontManager::registerFontCollection] register font [ÇcÇeÇoâÿçNÉSÉVÉbÉNëÃW5]*
[10/07 22:26:31] [INFO] [Media::FontManager::registerFontCollection] register font [ÇcÇeÇoçsèëëÃW7]*
[10/07 22:26:31] [INFO] [Media::FontManager::registerFontCollection] register font [ÇcÇeÇoä®í‡ó¨W11]*
[10/07 22:26:31] [INFO] [Media::FontManager::registerFontCollection] register font [ÇcÇeÇoã‡ï∂ëÃW3]*
[10/07 22:26:31] [INFO] [Media::FontManager::registerFontCollection] register font [ÇcÇeÇoâÿçNñæí©ëÃW5]*
[10/07 22:26:31] [INFO] [Media::FontManager::registerFontCollection] register font [ÇcÇePOP1ëÃ]*
[10/07 22:26:31] [INFO] [Media::FontManager::registerFontCollection] register font [ÇcÇeÇoPOP1ëÃ]*
[10/07 22:26:31] [INFO] [Media::FontManager::registerFontCollection] register font [ÇcÇeÇfPOP1ëÃ]*
[10/07 22:26:31] [INFO] [Media::FontManager::registerFontCollection] register font [ÇcÇePOP1ëÃW3]*
[10/07 22:26:31] [INFO] [Media::FontManager::registerFontCollection] register font [ÇcÇeÇoPOP1ëÃW3]*
[10/07 22:26:31] [INFO] [Media::FontManager::registerFontCollection] register font [ÇcÇeÇfPOP1ëÃW3]*
[10/07 22:26:31] [INFO] [Media::FontManager::registerFontCollection] register font [ÇcÇePOP1ëÃW5]*
[10/07 22:26:31] [INFO] [Media::FontManager::registerFontCollection] register font [ÇcÇeÇoPOP1ëÃW5]*
[10/07 22:26:31] [INFO] [Media::FontManager::registerFontCollection] register font [ÇcÇeÇfPOP1ëÃW5]*
[10/07 22:26:31] [INFO] [Media::FontManager::registerFontCollection] register font [ÇcÇePOP1ëÃW9]*
[10/07 22:26:31] [INFO] [Media::FontManager::registerFontCollection] register font [ÇcÇeÇoPOP1ëÃW9]*
[10/07 22:26:31] [INFO] [Media::FontManager::registerFontCollection] register font [ÇcÇeÇfPOP1ëÃW9]*
[10/07 22:26:31] [INFO] [Media::FontManager::registerFontCollection] register font [ÇcÇePOP1ëÃW12]*
[10/07 22:26:31] [INFO] [Media::FontManager::registerFontCollection] register font [ÇcÇeÇoPOP1ëÃW12]*
[10/07 22:26:31] [INFO] [Media::FontManager::registerFontCollection] register font [ÇcÇeÇfPOP1ëÃW12]*
[10/07 22:26:31] [INFO] [Media::FontManager::registerFontCollection] register font [ÇcÇePOP2ëÃW9]*
[10/07 22:26:31] [INFO] [Media::FontManager::registerFontCollection] register font [ÇcÇeÇoPOP2ëÃW9]*
[10/07 22:26:31] [INFO] [Media::FontManager::registerFontCollection] register font [ÇcÇeÇfPOP2ëÃW9]*
[10/07 22:26:31] [INFO] [Media::FontManager::registerFontCollection] register font [ÇcÇePOP2ëÃW12]*
[10/07 22:26:31] [INFO] [Media::FontManager::registerFontCollection] register font [ÇcÇeÇoPOP2ëÃW12]*
[10/07 22:26:31] [INFO] [Media::FontManager::registerFontCollection] register font [ÇcÇeÇfPOP2ëÃW12]*
[10/07 22:26:31] [INFO] [Media::FontManager::registerFontCollection] register font [ÇcÇeÇoâ¢ózÊmëÃW5]*
[10/07 22:26:31] [INFO] [Media::FontManager::registerFontCollection] register font [ÇcÇeÇoÉyÉìéöëÃW4]*
[10/07 22:26:31] [INFO] [Media::FontManager::registerFontCollection] register font [ÇcÇeÇoPOPÉRÉìW12]*
[10/07 22:26:31] [INFO] [Media::FontManager::registerFontCollection] register font [ÇcÇeÇoPOPÉ~ÉbÉNÉXW5]*
[10/07 22:26:31] [INFO] [Media::FontManager::registerFontCollection] register font [ÇcÇeÇoó¨óÍëÃÇ`W5]*
[10/07 22:26:31] [INFO] [Media::FontManager::registerFontCollection] register font [ÇcÇeÇoëäñoëÃW12]*
[10/07 22:26:31] [INFO] [Media::FontManager::registerFontCollection] register font [ÇcÇeó¨óÍëÃÇ`W5]*
[10/07 22:26:31] [INFO] [Media::FontManager::registerFontCollection] register font [ÇcÇeÇfó¨óÍëÃÇ`W5]*
[10/07 22:26:31] [INFO] [Media::FontManager::registerFontCollection] register font [ÇcÇeó¨óÍëÃW5]*
[10/07 22:26:31] [INFO] [Media::FontManager::registerFontCollection] register font [ÇcÇeÇoó¨óÍëÃW5]*
[10/07 22:26:31] [INFO] [Media::FontManager::registerFontCollection] register font [ÇcÇeÇfó¨óÍëÃW5]*
[10/07 22:26:31] [INFO] [Media::FontManager::registerFontCollection] register font [ÇcÇeÇoó¨óÍëÃW7]*
[10/07 22:26:31] [INFO] [Media::FontManager::registerFontCollection] register font [ÇcÇeÇfó¨óÍëÃW7]*
[10/07 22:26:31] [INFO] [Media::FontManager::registerFontCollection] register font [ÇcÇeêVëvëÃ]*
[10/07 22:26:31] [INFO] [Media::FontManager::registerFontCollection] register font [ÇcÇeÇoêVëvëÃ]*
[10/07 22:26:31] [INFO] [Media::FontManager::registerFontCollection] register font [ÇcÇeÇfêVëvëÃ]*
[10/07 22:26:31] [INFO] [Media::FontManager::registerFontCollection] register font [ÇcÇeêVç◊ä€ÉSÉVÉbÉNëÃ]*
[10/07 22:26:31] [INFO] [Media::FontManager::registerFontCollection] register font [ÇcÇeÇoêVç◊ä€ÉSÉVÉbÉNëÃ]*
[10/07 22:26:31] [INFO] [Media::FontManager::registerFontCollection] register font [ÇcÇeÇfêVç◊ä€ÉSÉVÉbÉNëÃ]*
[10/07 22:26:31] [INFO] [Media::FontManager::registerFontCollection] register font [ÇcÇeèÀìÏçsèëëÃW5]*
[10/07 22:26:31] [INFO] [Media::FontManager::registerFontCollection] register font [ÇcÇeÇoèÀìÏçsèëëÃW5]*
[10/07 22:26:31] [INFO] [Media::FontManager::registerFontCollection] register font [ÇcÇeÇfèÀìÏçsèëëÃW5]*
[10/07 22:26:31] [INFO] [Media::FontManager::registerFontCollection] register font [ÇcÇeëéÂYëÃW5]*
[10/07 22:26:31] [INFO] [Media::FontManager::registerFontCollection] register font [ÇcÇeÇoëéÂYëÃW5]*
[10/07 22:26:31] [INFO] [Media::FontManager::registerFontCollection] register font [ÇcÇeÇfëéÂYëÃW5]*
[10/07 22:26:31] [INFO] [Media::FontManager::registerFontCollection] register font [ÇcÇeëéÂYëÃW7]*
[10/07 22:26:31] [INFO] [Media::FontManager::registerFontCollection] register font [ÇcÇeÇoëéÂYëÃW7]*
[10/07 22:26:31] [INFO] [Media::FontManager::registerFontCollection] register font [ÇcÇeÇfëéÂYëÃW7]*
[10/07 22:26:31] [INFO] [Media::FontManager::registerFontCollection] register font [ÇcÇeëéÂYëÃW9]*
[10/07 22:26:31] [INFO] [Media::FontManager::registerFontCollection] register font [ÇcÇeÇoëéÂYëÃW9]*
[10/07 22:26:31] [INFO] [Media::FontManager::registerFontCollection] register font [ÇcÇeÇfëéÂYëÃW9]*
[10/07 22:26:31] [INFO] [Media::FontManager::registerFontCollection] register font [ÇcÇeëâã‡ëÃW3]*
[10/07 22:26:31] [INFO] [Media::FontManager::registerFontCollection] register font [ÇcÇeÇoëâã‡ëÃW3]*
[10/07 22:26:31] [INFO] [Media::FontManager::registerFontCollection] register font [ÇcÇeÇfëâã‡ëÃW3]*
[10/07 22:26:31] [INFO] [Media::FontManager::registerFontCollection] register font [ÇcÇeëäñoëÃW12]*
[10/07 22:26:31] [INFO] [Media::FontManager::registerFontCollection] register font [ÇcÇeÇfëäñoëÃW12]*
[10/07 22:26:31] [INFO] [Media::FontManager::registerFontCollection] register font [ÇcÇeìÇïóóÍèëëÃW5]*
[10/07 22:26:31] [INFO] [Media::FontManager::registerFontCollection] register font [ÇcÇeÇoìÇïóóÍèëëÃW5]*
[10/07 22:26:31] [INFO] [Media::FontManager::registerFontCollection] register font [ÇcÇeÇfìÇïóóÍèëëÃW5]*
[10/07 22:26:31] [INFO] [Media::FontManager::registerFontCollection] register font [ÇcÇeìÇïóóÍèëëÃW7]*
[10/07 22:26:31] [INFO] [Media::FontManager::registerFontCollection] register font [ÇcÇeÇoìÇïóóÍèëëÃW7]*
[10/07 22:26:31] [INFO] [Media::FontManager::registerFontCollection] register font [ÇcÇeÇfìÇïóóÍèëëÃW7]*
[10/07 22:26:31] [INFO] [Media::FontManager::registerFontCollection] register font [ÇcÇeìÇïóóÍèëëÃW9]*
[10/07 22:26:31] [INFO] [Media::FontManager::registerFontCollection] register font [ÇcÇeÇoìÇïóóÍèëëÃW9]*
[10/07 22:26:31] [INFO] [Media::FontManager::registerFontCollection] register font [ÇcÇeÇfìÇïóóÍèëëÃW9]*
[10/07 22:26:31] [INFO] [Media::FontManager::registerFontCollection] register font [ÇcÇeÇoëæû≤èëëÃ]*
[10/07 22:26:31] [INFO] [Media::FontManager::registerFontCollection] register font [ÇcÇeÇfëæû≤èëëÃ]*
[10/07 22:26:31] [INFO] [Media::FontManager::registerFontCollection] register font [ÇcÇeÇoíÜëæû≤èëëÃ]*
[10/07 22:26:31] [INFO] [Media::FontManager::registerFontCollection] register font [ÇcÇeÇfíÜëæû≤èëëÃ]*
[10/07 22:26:31] [INFO] [Media::FontManager::registerFontCollection] register font [Russell Square Std] 
[10/07 22:26:31] [INFO] [Media::FontManager::registerFontCollection] register font [Leaner] 
[10/07 22:26:31] [INFO] [Media::FontManager::registerFontCollection] register font [Perfect Dark (BRK)] 
[10/07 22:26:31] [INFO] [Media::FontManager::registerFontCollection] register font [PC-9800] 
[10/07 22:26:31] [INFO] [Media::FontManager::registerFontCollection] register font [Chicago 12.1] 
[10/07 22:26:31] [INFO] [Media::FontManager::registerFontCollection] register font [Fira Code Light] 
[10/07 22:26:31] [INFO] [Media::FontManager::registerFontCollection] register font [Fira Code] 
[10/07 22:26:31] [INFO] [Media::FontManager::registerFontCollection] register font [Fira Code Medium] 
[10/07 22:26:31] [INFO] [Media::FontManager::registerFontCollection] register font [Fira Code SemiBold] 
[10/07 22:26:31] [INFO] [Media::FontManager::registerFontCollection] register font [Fira Code Retina] 
[10/07 22:26:31] [INFO] [Media::FontManager::registerFontCollection] register font [ÉqÉâÉMÉmTVä€ÉSS W4]*
[10/07 22:26:31] [INFO] [Media::FontManager::registerFontCollection] register font [ÉvÉCÉbÉR]*
[10/07 22:26:31] [INFO] [Media::FontManager::registerFontCollection] register font [07ÉçÉSÇΩÇ¢Ç’ÉSÉVÉbÉN7]*
[10/07 22:26:31] [INFO] [Media::FontManager::registerFontCollection] register font [Ç±Ç±ÇÎñæí©ëÃ]*
[10/07 22:26:31] [INFO] [Media::FontManager::registerFontCollection] register font [JANCODE-nicBAR]*
[10/07 22:26:31] [INFO] [Media::FontManager::registerFontCollection] register font [JAN_13_RevAB]*
[10/07 22:26:31] [INFO] [Media::FontManager::registerFontCollection] register font [Code39]*
[10/07 22:26:31] [INFO] [Media::FontManager::registerFontCollection] register font [Odorobo]*
[10/07 22:26:31] [INFO] [Media::FontManager::registerFontCollection] register font [Ç≈Ç°ÇÍÇ¡ÇΩÇÒÇ∆ R]*
[10/07 22:26:31] [INFO] [Media::FontManager::registerFontCollection] register font [AFSÉtÉçÅ[Éâ04ï]âøî≈ U]*
[10/07 22:26:31] [INFO] [Media::FontManager::registerFontCollection] register font [îæãtñæí©]*
[10/07 22:26:31] [INFO] [Media::FontManager::registerFontCollection] register font [ÇµÇÀÇ´Ç·Ç’ÇµÇÂÇÒ]*
[10/07 22:26:31] [INFO] [Media::FontManager::registerFontCollection] register font [âÙëzëÃ ÉlÉNÉXÉg UP B] 
[10/07 22:26:31] [INFO] [Media::FontManager::registerFontCollection] register font [ÇËÇ¢É|ÉbÉväp R]*
[10/07 22:26:31] [INFO] [Media::FontManager::registerFontCollection] register font [PixelMplus12] 
[10/07 22:26:31] [INFO] [Media::FontManager::registerFontCollection] register font [PixelMplus10] 
[10/07 22:26:31] [INFO] [Media::FontManager::registerFontCollection] register font [JFÉhÉbÉgAyuÉSÉVÉbÉN18]*
[10/07 22:26:31] [INFO] [Media::FontManager::registerFontCollection] register font [JFÉhÉbÉgjiskan16s]*
[10/07 22:26:31] [INFO] [Media::FontManager::registerFontCollection] register font [JFÉhÉbÉgìåâ_ÉSÉVÉbÉN12]*
[10/07 22:26:31] [INFO] [Media::FontManager::registerFontCollection] register font [ÇÕÇÍÇÃÇªÇÁñæí©]*
[10/07 22:26:31] [INFO] [Media::FontManager::registerFontCollection] register font [HOT-îíèM‚Ωèëã≥äø M]*
[10/07 22:26:31] [INFO] [Media::FontManager::registerFontCollection] register font [AFSÉeÉìÉhÉD04ï]âøî≈ R]*
[10/07 22:26:31] [INFO] [Media::FontManager::registerFontCollection] register font [JFÉhÉbÉgM+S10]*
[10/07 22:26:31] [INFO] [Media::FontManager::registerFontCollection] register font [Ç«Ç¡Ç∆Ç∂]*
[10/07 22:26:31] [INFO] [Media::FontManager::registerFontCollection] register font [x8y12pxTheStrongGamer] 
[10/07 22:26:31] [INFO] [Media::FontManager::registerFontCollection] register font [x14y24pxHeadUpDaisy] 
[10/07 22:26:31] [INFO] [Media::FontManager::registerFontCollection] register font [ÇjÇeÇ–Ç‹éöÉhÉbÉg]*
[10/07 22:26:31] [INFO] [Media::FontManager::registerFontCollection] register font [ÉmÉXÉ^ÉãÉhÉbÉgÅiM+Åj]*
[10/07 22:26:32] [INFO] [Media::FontManager::registerFontCollection] register font [Ç»Ç´ÇﬁÇµÉ|ÉãÉJFREE-flopdesign]*
[10/07 22:26:32] [INFO] [Media::FontManager::registerFontCollection] register font [ÉCÉìÉrÉWÉuÉã]*
[10/07 22:26:32] [INFO] [Media::FontManager::registerFontCollection] register font [CoffeeMilkCrazy] 
[10/07 22:26:32] [INFO] [Media::FontManager::registerFontCollection] register font [Luckiest Guy] 
[10/07 22:26:32] [INFO] [Media::FontManager::registerFontCollection] register font [x12y12pxMaruMinyaM] 
[10/07 22:26:32] [INFO] [Media::FontManager::registerFontCollection] register font [î¸çÁÉSÉVÉbÉN]*
[10/07 22:26:32] [INFO] [Media::FontManager::registerFontCollection] register font [x12y16pxLineLinker] 
[10/07 22:26:32] [INFO] [Media::FontManager::registerFontCollection] register font [x14y20pxScoreDozer] 
[10/07 22:26:32] [INFO] [Media::FontManager::registerFontCollection] register font [Twitter Color Emoji] 
[10/07 22:26:32] [INFO] [Media::FontManager::registerFontCollection] register font [KHÉhÉbÉgèHótå¥16]*
[10/07 22:26:32] [INFO] [Media::FontManager::registerFontCollection] register font [KHÉhÉbÉgì˙î‰íJ24]*
[10/07 22:26:32] [INFO] [Media::FontManager::registerFontCollection] register font [KHÉhÉbÉgì˙î‰íJ32]*
[10/07 22:26:32] [INFO] [Media::FontManager::registerFontCollection] register font [KHÉhÉbÉgêlå`í¨16]*
[10/07 22:26:32] [INFO] [Media::FontManager::registerFontCollection] register font [KHÉhÉbÉgè¨ì`îní¨16 äÙâΩäwìIÉJÉi]*
[10/07 22:26:32] [INFO] [Media::FontManager::registerFontCollection] register font [KHÉhÉbÉgè¨ì`îní¨16]*
[10/07 22:26:32] [INFO] [Media::FontManager::registerFontCollection] register font [KHÉhÉbÉgè¨ì`îní¨12 è¨Ç©Ç»]*
[10/07 22:26:32] [INFO] [Media::FontManager::registerFontCollection] register font [KHÉhÉbÉgè¨ì`îní¨12 äÙâΩäwìIÉJÉi]*
[10/07 22:26:32] [INFO] [Media::FontManager::registerFontCollection] register font [KHÉhÉbÉgè¨ì`îní¨12]*
[10/07 22:26:32] [INFO] [Media::FontManager::registerFontCollection] register font [KHÉhÉbÉgê_äyç‚16]*
[10/07 22:26:32] [INFO] [Media::FontManager::registerFontCollection] register font [KHÉhÉbÉgê_äyç‚12]*
[10/07 22:26:32] [INFO] [Media::FontManager::registerFontCollection] register font [KHÉhÉbÉgäïí¨16]*
[10/07 22:26:32] [INFO] [Media::FontManager::registerFontCollection] register font [KHÉhÉbÉgî™íöñx16]*
[10/07 22:26:32] [INFO] [Media::FontManager::registerFontCollection] register font [KHÉhÉbÉgìπå∫ç‚16]*
[10/07 22:26:32] [INFO] [Media::FontManager::registerFontCollection] register font [KHÉhÉbÉgìπå∫ç‚12]*
[10/07 22:26:32] [INFO] [Media::FontManager::registerFontCollection] register font [x12y16pxMaruMonica] 
[10/07 22:26:32] [INFO] [Media::FontManager::registerFontCollection] register font [Font Awesome 7 Brands] 
[10/07 22:26:32] [INFO] [Media::FontManager::registerFontCollection] register font [Kosugi] 
[10/07 22:26:32] [INFO] [Media::FontManager::registerFontCollection] register font [åπùÛÉGÉÄÉSv2 Regular]*
[10/07 22:26:32] [INFO] [Media::FontManager::registerFontCollection] register font [åπùÛÉGÉÄÉSv2 Medium]*
[10/07 22:26:32] [INFO] [Media::FontManager::registerFontCollection] register font [åπùÛÉGÉÄÉSv2 Bold]*
[10/07 22:26:32] [INFO] [Media::FontManager::registerFontCollection] register font [åπùÛÉGÉÄÉSv2 Heavy]*
[10/07 22:26:32] [INFO] [Media::FontManager::registerFontCollection] register font [åπùÛÉGÉÄÉSv2 Black]*
[10/07 22:26:32] [INFO] [Media::FontManager::registerFontCollection] register font [06âãëæñæí©] 
[10/07 22:26:32] [INFO] [Media::FontManager::registerFontCollection] register font [Sawarabi Mincho] 
[10/07 22:26:32] [INFO] [Media::FontManager::registerFontCollection] register font [É`ÉáÅ[ÉNëÃ]*
[10/07 22:26:32] [INFO] [Media::FontManager::registerFontCollection] register font [Font Awesome 7 Free] 
[10/07 22:26:32] [INFO] [Media::FontManager::registerFontCollection] register font [Font Awesome 7 Free Solid] 
[10/07 22:26:32] [INFO] [Media::FontManager::registerFontCollection] register font [SF Pro Icons] 
[10/07 22:26:32] [INFO] [Media::FontManager::registerFontCollection] register font [lineicons-free] 
[10/07 22:26:32] [INFO] [Media::FontManager::registerFontCollection] register font [Phosphor] 
[10/07 22:26:32] [INFO] [Media::FontManager::registerFontCollection] register font [WDXL Lubrifont JP N] 
[10/07 22:26:32] [INFO] [Media::FontManager::registerFontCollection] register font [Ç†ÇÈÇÿÇÒÉtÉHÉìÉg  ÉtÉäÅ[]*
[10/07 22:26:32] [INFO] [Media::FontManager::registerFontCollection] register font [Fira Sans] 
[10/07 22:26:32] [INFO] [Media::FontManager::registerFontCollection] register font [Roboto] 
[10/07 22:26:32] [INFO] [Media::FontManager::registerFontCollection] register font [FOT-í}éáñæí© Pr6 L]*
[10/07 22:26:32] [INFO] [Media::FontManager::registerFontCollection] register font [FOT-í}éáñæí© Pr6 R]*
[10/07 22:26:32] [INFO] [Media::FontManager::registerFontCollection] register font [FOT-í}éáñæí© Pr6 M]*
[10/07 22:26:32] [INFO] [Media::FontManager::registerFontCollection] register font [FOT-í}éáñæí© Pr6 B]*
[10/07 22:26:32] [INFO] [Media::FontManager::registerFontCollection] register font [FOT-í}éáñæí© Pr6 H]*
[10/07 22:26:32] [INFO] [Media::FontManager::registerFontCollection] register font [FOT-í}éáñæí© Pr6 D]*
[10/07 22:26:32] [INFO] [Media::FontManager::registerFontCollection] register font [FOT-í}éáñæí© Pr6 E]*
[10/07 22:26:32] [INFO] [Media::FontManager::registerFontCollection] register font [FOT-í}éáñæí© Pr6 LB]*
[10/07 22:26:32] [INFO] [Media::FontManager::registerFontCollection] register font [FOT-í}éáñæí© Pr6 RB]*
[10/07 22:26:32] [INFO] [Media::FontManager::registerFontCollection] register font [FOT-í}éáBÉIÅ[ÉãÉhñæí© Pr6 B]*
[10/07 22:26:32] [INFO] [Media::FontManager::registerFontCollection] register font [FOT-í}éáÉSÉVÉbÉN Pr5 D]*
[10/07 22:26:32] [INFO] [Media::FontManager::registerFontCollection] register font [FOT-í}éáÉSÉVÉbÉN Pr5 L]*
[10/07 22:26:32] [INFO] [Media::FontManager::registerFontCollection] register font [FOT-í}éáÉSÉVÉbÉN Pr5 R]*
[10/07 22:26:32] [INFO] [Media::FontManager::registerFontCollection] register font [FOT-í}éáÉSÉVÉbÉN Pr5 M]*
[10/07 22:26:32] [INFO] [Media::FontManager::registerFontCollection] register font [FOT-í}éáÉSÉVÉbÉN Pr5N D]*
[10/07 22:26:32] [INFO] [Media::FontManager::registerFontCollection] register font [FOT-í}éáÉSÉVÉbÉN Pr5N L]*
[10/07 22:26:32] [INFO] [Media::FontManager::registerFontCollection] register font [FOT-í}éáÉSÉVÉbÉN Pr5N R]*
[10/07 22:26:32] [INFO] [Media::FontManager::registerFontCollection] register font [FOT-í}éáÉSÉVÉbÉN Pr5N M]*
[10/07 22:26:32] [INFO] [Media::FontManager::registerFontCollection] register font [FOT-í}éáÉSÉVÉbÉN Pro L]*
[10/07 22:26:32] [INFO] [Media::FontManager::registerFontCollection] register font [FOT-í}éáÉSÉVÉbÉN Pro R]*
[10/07 22:26:32] [INFO] [Media::FontManager::registerFontCollection] register font [FOT-í}éáÉSÉVÉbÉN Pro M]*
[10/07 22:26:32] [INFO] [Media::FontManager::registerFontCollection] register font [FOT-í}éáÉSÉVÉbÉN Pro B]*
[10/07 22:26:32] [INFO] [Media::FontManager::registerFontCollection] register font [FOT-í}éáÉSÉVÉbÉN Pro H]*
[10/07 22:26:32] [INFO] [Media::FontManager::registerFontCollection] register font [FOT-í}éáÉSÉVÉbÉN Pro U]*
[10/07 22:26:32] [INFO] [Media::FontManager::registerFontCollection] register font [FOT-í}éáÉSÉVÉbÉN Pro D]*
[10/07 22:26:32] [INFO] [Media::FontManager::registerFontCollection] register font [FOT-í}éáÉSÉVÉbÉN Pro E]*
[10/07 22:26:32] [INFO] [Media::FontManager::registerFontCollection] register font [FOT-í}éáÉAÉìÉeÉBÅ[ÉNSÉS Std B]*
[10/07 22:26:32] [INFO] [Media::FontManager::registerFontCollection] register font [FOT-í}éáÉAÉìÉeÉBÅ[ÉNLÉS Std B]*
[10/07 22:26:32] [INFO] [Media::FontManager::registerFontCollection] register font [FOT-í}éáÉIÅ[ÉãÉhÉSÉVÉbÉN Std EL]*
[10/07 22:26:32] [INFO] [Media::FontManager::registerFontCollection] register font [FOT-í}éáÉIÅ[ÉãÉhÉSÉVÉbÉN Std L]*
[10/07 22:26:32] [INFO] [Media::FontManager::registerFontCollection] register font [FOT-í}éáÉIÅ[ÉãÉhÉSÉVÉbÉN Std R]*
[10/07 22:26:32] [INFO] [Media::FontManager::registerFontCollection] register font [FOT-í}éáÉIÅ[ÉãÉhÉSÉVÉbÉN Std M]*
[10/07 22:26:32] [INFO] [Media::FontManager::registerFontCollection] register font [FOT-í}éáÉIÅ[ÉãÉhÉSÉVÉbÉN Std B]*
[10/07 22:26:32] [INFO] [Media::FontManager::registerFontCollection] register font [FOT-É}ÉeÉBÉX Pro L]*
[10/07 22:26:32] [INFO] [Media::FontManager::registerFontCollection] register font [FOT-É}ÉeÉBÉX Pro M]*
[10/07 22:26:32] [INFO] [Media::FontManager::registerFontCollection] register font [FOT-É}ÉeÉBÉX Pro B]*
[10/07 22:26:32] [INFO] [Media::FontManager::registerFontCollection] register font [FOT-É}ÉeÉBÉX Pro EB]*
[10/07 22:26:32] [INFO] [Media::FontManager::registerFontCollection] register font [FOT-É}ÉeÉBÉX Pro DB]*
[10/07 22:26:32] [INFO] [Media::FontManager::registerFontCollection] register font [FOT-É}ÉeÉBÉX Pro UB]*
[10/07 22:26:32] [INFO] [Media::FontManager::registerFontCollection] register font [FOT-É}ÉeÉBÉX ProN L]*
[10/07 22:26:32] [INFO] [Media::FontManager::registerFontCollection] register font [FOT-É}ÉeÉBÉX ProN M]*
[10/07 22:26:32] [INFO] [Media::FontManager::registerFontCollection] register font [FOT-É}ÉeÉBÉX ProN B]*
[10/07 22:26:32] [INFO] [Media::FontManager::registerFontCollection] register font [FOT-É}ÉeÉBÉX ProN EB]*
[10/07 22:26:32] [INFO] [Media::FontManager::registerFontCollection] register font [FOT-É}ÉeÉBÉX ProN DB]*
[10/07 22:26:32] [INFO] [Media::FontManager::registerFontCollection] register font [FOT-É}ÉeÉBÉX ProN UB]*
[10/07 22:26:32] [INFO] [Media::FontManager::registerFontCollection] register font [FOT-ÉçÉ_Éì Pro L]*
[10/07 22:26:32] [INFO] [Media::FontManager::registerFontCollection] register font [FOT-ÉçÉ_Éì Pro M]*
[10/07 22:26:32] [INFO] [Media::FontManager::registerFontCollection] register font [FOT-ÉçÉ_Éì Pro B]*
[10/07 22:26:32] [INFO] [Media::FontManager::registerFontCollection] register font [FOT-ÉçÉ_Éì Pro EB]*
[10/07 22:26:32] [INFO] [Media::FontManager::registerFontCollection] register font [FOT-ÉçÉ_Éì Pro DB]*
[10/07 22:26:32] [INFO] [Media::FontManager::registerFontCollection] register font [FOT-ÉçÉ_Éì Pro UB]*
[10/07 22:26:32] [INFO] [Media::FontManager::registerFontCollection] register font [FOT-ÉçÉ_Éì ProN L]*
[10/07 22:26:32] [INFO] [Media::FontManager::registerFontCollection] register font [FOT-ÉçÉ_Éì ProN M]*
[10/07 22:26:32] [INFO] [Media::FontManager::registerFontCollection] register font [FOT-ÉçÉ_Éì ProN B]*
[10/07 22:26:32] [INFO] [Media::FontManager::registerFontCollection] register font [FOT-ÉçÉ_Éì ProN EB]*
[10/07 22:26:32] [INFO] [Media::FontManager::registerFontCollection] register font [FOT-ÉçÉ_Éì ProN DB]*
[10/07 22:26:32] [INFO] [Media::FontManager::registerFontCollection] register font [FOT-ÉçÉ_Éì ProN UB]*
[10/07 22:26:32] [INFO] [Media::FontManager::registerFontCollection] register font [FOT-ÉjÉÖÅ[ÉçÉ_Éì Pro L]*
[10/07 22:26:32] [INFO] [Media::FontManager::registerFontCollection] register font [FOT-ÉjÉÖÅ[ÉçÉ_Éì Pro M]*
[10/07 22:26:32] [INFO] [Media::FontManager::registerFontCollection] register font [FOT-ÉjÉÖÅ[ÉçÉ_Éì Pro B]*
[10/07 22:26:32] [INFO] [Media::FontManager::registerFontCollection] register font [FOT-ÉjÉÖÅ[ÉçÉ_Éì Pro EB]*
[10/07 22:26:32] [INFO] [Media::FontManager::registerFontCollection] register font [FOT-ÉjÉÖÅ[ÉçÉ_Éì Pro DB]*
[10/07 22:26:32] [INFO] [Media::FontManager::registerFontCollection] register font [FOT-ÉjÉÖÅ[ÉçÉ_Éì Pro UB]*
[10/07 22:26:32] [INFO] [Media::FontManager::registerFontCollection] register font [FOT-ÉjÉÖÅ[ÉçÉ_Éì ProN L]*
[10/07 22:26:32] [INFO] [Media::FontManager::registerFontCollection] register font [FOT-ÉjÉÖÅ[ÉçÉ_Éì ProN M]*
[10/07 22:26:32] [INFO] [Media::FontManager::registerFontCollection] register font [FOT-ÉjÉÖÅ[ÉçÉ_Éì ProN B]*
[10/07 22:26:32] [INFO] [Media::FontManager::registerFontCollection] register font [FOT-ÉjÉÖÅ[ÉçÉ_Éì ProN EB]*
[10/07 22:26:32] [INFO] [Media::FontManager::registerFontCollection] register font [FOT-ÉjÉÖÅ[ÉçÉ_Éì ProN DB]*
[10/07 22:26:32] [INFO] [Media::FontManager::registerFontCollection] register font [FOT-ÉjÉÖÅ[ÉçÉ_Éì ProN UB]*
[10/07 22:26:32] [INFO] [Media::FontManager::registerFontCollection] register font [FOT-ÉZÉUÉìÉk Pro M]*
[10/07 22:26:32] [INFO] [Media::FontManager::registerFontCollection] register font [FOT-ÉZÉUÉìÉk Pro B]*
[10/07 22:26:32] [INFO] [Media::FontManager::registerFontCollection] register font [FOT-ÉZÉUÉìÉk Pro EB]*
[10/07 22:26:32] [INFO] [Media::FontManager::registerFontCollection] register font [FOT-ÉZÉUÉìÉk Pro DB]*
[10/07 22:26:32] [INFO] [Media::FontManager::registerFontCollection] register font [FOT-ÉZÉUÉìÉk ProN M]*
[10/07 22:26:32] [INFO] [Media::FontManager::registerFontCollection] register font [FOT-ÉZÉUÉìÉk ProN B]*
[10/07 22:26:32] [INFO] [Media::FontManager::registerFontCollection] register font [FOT-ÉZÉUÉìÉk ProN EB]*
[10/07 22:26:32] [INFO] [Media::FontManager::registerFontCollection] register font [FOT-ÉZÉUÉìÉk ProN DB]*
[10/07 22:26:32] [INFO] [Media::FontManager::registerFontCollection] register font [FOT-ÉjÉÖÅ[ÉZÉUÉìÉk Pro M]*
[10/07 22:26:32] [INFO] [Media::FontManager::registerFontCollection] register font [FOT-ÉjÉÖÅ[ÉZÉUÉìÉk Pro B]*
[10/07 22:26:32] [INFO] [Media::FontManager::registerFontCollection] register font [FOT-ÉjÉÖÅ[ÉZÉUÉìÉk Pro EB]*
[10/07 22:26:32] [INFO] [Media::FontManager::registerFontCollection] register font [FOT-ÉjÉÖÅ[ÉZÉUÉìÉk Pro DB]*
[10/07 22:26:32] [INFO] [Media::FontManager::registerFontCollection] register font [FOT-ÉjÉÖÅ[ÉZÉUÉìÉk ProN M]*
[10/07 22:26:32] [INFO] [Media::FontManager::registerFontCollection] register font [FOT-ÉjÉÖÅ[ÉZÉUÉìÉk ProN B]*
[10/07 22:26:32] [INFO] [Media::FontManager::registerFontCollection] register font [FOT-ÉjÉÖÅ[ÉZÉUÉìÉk ProN EB]*
[10/07 22:26:32] [INFO] [Media::FontManager::registerFontCollection] register font [FOT-ÉjÉÖÅ[ÉZÉUÉìÉk ProN DB]*
[10/07 22:26:32] [INFO] [Media::FontManager::registerFontCollection] register font [FOT-ÉXÅ[Éâ Pro L]*
[10/07 22:26:32] [INFO] [Media::FontManager::registerFontCollection] register font [FOT-ÉXÅ[Éâ Pro M]*
[10/07 22:26:32] [INFO] [Media::FontManager::registerFontCollection] register font [FOT-ÉXÅ[Éâ Pro B]*
[10/07 22:26:32] [INFO] [Media::FontManager::registerFontCollection] register font [FOT-ÉXÅ[Éâ Pro EB]*
[10/07 22:26:32] [INFO] [Media::FontManager::registerFontCollection] register font [FOT-ÉXÅ[Éâ Pro DB]*
[10/07 22:26:32] [INFO] [Media::FontManager::registerFontCollection] register font [FOT-ÉXÅ[Éâ Pro UB]*
[10/07 22:26:32] [INFO] [Media::FontManager::registerFontCollection] register font [FOT-ÉXÅ[Éâ ProN L]*
[10/07 22:26:32] [INFO] [Media::FontManager::registerFontCollection] register font [FOT-ÉXÅ[Éâ ProN M]*
[10/07 22:26:32] [INFO] [Media::FontManager::registerFontCollection] register font [FOT-ÉXÅ[Éâ ProN B]*
[10/07 22:26:32] [INFO] [Media::FontManager::registerFontCollection] register font [FOT-ÉXÅ[Éâ ProN EB]*
[10/07 22:26:32] [INFO] [Media::FontManager::registerFontCollection] register font [FOT-ÉXÅ[Éâ ProN DB]*
[10/07 22:26:32] [INFO] [Media::FontManager::registerFontCollection] register font [FOT-ÉXÅ[Éâ ProN UB]*
[10/07 22:26:32] [INFO] [Media::FontManager::registerFontCollection] register font [FTT-NPÉXÅ[Éâ B]*
[10/07 22:26:32] [INFO] [Media::FontManager::registerFontCollection] register font [FTT-NPÉXÅ[Éâ DB]*
[10/07 22:26:32] [INFO] [Media::FontManager::registerFontCollection] register font [FTT-NPÉXÅ[Éâ EB]*
[10/07 22:26:32] [INFO] [Media::FontManager::registerFontCollection] register font [FTT-NÉXÅ[Éâ B]*
[10/07 22:26:32] [INFO] [Media::FontManager::registerFontCollection] register font [FTT-NÉXÅ[Éâ DB]*
[10/07 22:26:32] [INFO] [Media::FontManager::registerFontCollection] register font [FTT-NÉXÅ[Éâ EB]*
[10/07 22:26:32] [INFO] [Media::FontManager::registerFontCollection] register font [FTT-ÉXÅ[Éâ B]*
[10/07 22:26:32] [INFO] [Media::FontManager::registerFontCollection] register font [FTT-ÉXÅ[Éâ DB]*
[10/07 22:26:32] [INFO] [Media::FontManager::registerFontCollection] register font [FTT-ÉXÅ[Éâ EB]*
[10/07 22:26:32] [INFO] [Media::FontManager::registerFontCollection] register font [FTT-ÉXÅ[Éâ L]*
[10/07 22:26:32] [INFO] [Media::FontManager::registerFontCollection] register font [FTT-ÉXÅ[Éâ M]*
[10/07 22:26:32] [INFO] [Media::FontManager::registerFontCollection] register font [FTT-ÉXÅ[Éâ UB]*
[10/07 22:26:32] [INFO] [Media::FontManager::registerFontCollection] register font [FTT-SPÉXÅ[Éâ B]*
[10/07 22:26:32] [INFO] [Media::FontManager::registerFontCollection] register font [FTT-SPÉXÅ[Éâ DB]*
[10/07 22:26:32] [INFO] [Media::FontManager::registerFontCollection] register font [FTT-SPÉXÅ[Éâ EB]*
[10/07 22:26:32] [INFO] [Media::FontManager::registerFontCollection] register font [FTT-SÉXÅ[Éâ B]*
[10/07 22:26:32] [INFO] [Media::FontManager::registerFontCollection] register font [FTT-SÉXÅ[Éâ DB]*
[10/07 22:26:32] [INFO] [Media::FontManager::registerFontCollection] register font [FTT-SÉXÅ[Éâ EB]*
[10/07 22:26:32] [INFO] [Media::FontManager::registerFontCollection] register font [FOT-ÉNÉåÅ[ Pro DB]*
[10/07 22:26:32] [INFO] [Media::FontManager::registerFontCollection] register font [FOT-ÉNÉåÅ[ Pro M]*
[10/07 22:26:32] [INFO] [Media::FontManager::registerFontCollection] register font [FOT-UDäpÉS_ÉâÅ[ÉW Pr6 EL]*
[10/07 22:26:32] [INFO] [Media::FontManager::registerFontCollection] register font [FOT-UDäpÉS_ÉâÅ[ÉW Pr6 L]*
[10/07 22:26:32] [INFO] [Media::FontManager::registerFontCollection] register font [FOT-UDäpÉS_ÉâÅ[ÉW Pr6 R]*
[10/07 22:26:32] [INFO] [Media::FontManager::registerFontCollection] register font [FOT-UDäpÉS_ÉâÅ[ÉW Pr6 M]*
[10/07 22:26:32] [INFO] [Media::FontManager::registerFontCollection] register font [FOT-UDäpÉS_ÉâÅ[ÉW Pr6 B]*
[10/07 22:26:32] [INFO] [Media::FontManager::registerFontCollection] register font [FOT-UDäpÉS_ÉâÅ[ÉW Pr6 H]*
[10/07 22:26:32] [INFO] [Media::FontManager::registerFontCollection] register font [FOT-UDäpÉS_ÉâÅ[ÉW Pr6 U]*
[10/07 22:26:32] [INFO] [Media::FontManager::registerFontCollection] register font [FOT-UDäpÉS_ÉâÅ[ÉW Pr6 DB]*
[10/07 22:26:32] [INFO] [Media::FontManager::registerFontCollection] register font [FOT-UDäpÉS_ÉâÅ[ÉW Pr6 E]*
[10/07 22:26:32] [INFO] [Media::FontManager::registerFontCollection] register font [FOT-UDäpÉS_ÉâÅ[ÉW Pr6 UL]*
[10/07 22:26:32] [INFO] [Media::FontManager::registerFontCollection] register font [FOT-UDäpÉS_ÉâÅ[ÉW Pr6N EL]*
[10/07 22:26:32] [INFO] [Media::FontManager::registerFontCollection] register font [FOT-UDäpÉS_ÉâÅ[ÉW Pr6N L]*
[10/07 22:26:32] [INFO] [Media::FontManager::registerFontCollection] register font [FOT-UDäpÉS_ÉâÅ[ÉW Pr6N R]*
[10/07 22:26:32] [INFO] [Media::FontManager::registerFontCollection] register font [FOT-UDäpÉS_ÉâÅ[ÉW Pr6N M]*
[10/07 22:26:32] [INFO] [Media::FontManager::registerFontCollection] register font [FOT-UDäpÉS_ÉâÅ[ÉW Pr6N B]*
[10/07 22:26:32] [INFO] [Media::FontManager::registerFontCollection] register font [FOT-UDäpÉS_ÉâÅ[ÉW Pr6N H]*
[10/07 22:26:32] [INFO] [Media::FontManager::registerFontCollection] register font [FOT-UDäpÉS_ÉâÅ[ÉW Pr6N U]*
[10/07 22:26:32] [INFO] [Media::FontManager::registerFontCollection] register font [FOT-UDäpÉS_ÉâÅ[ÉW Pr6N DB]*
[10/07 22:26:32] [INFO] [Media::FontManager::registerFontCollection] register font [FOT-UDäpÉS_ÉâÅ[ÉW Pr6N E]*
[10/07 22:26:32] [INFO] [Media::FontManager::registerFontCollection] register font [FOT-UDäpÉS_ÉâÅ[ÉW Pr6N UL]*
[10/07 22:26:32] [INFO] [Media::FontManager::registerFontCollection] register font [FOT-UDäpÉS_ÉâÅ[ÉW Pro L]*
[10/07 22:26:32] [INFO] [Media::FontManager::registerFontCollection] register font [FOT-UDäpÉS_ÉâÅ[ÉW Pro R]*
[10/07 22:26:32] [INFO] [Media::FontManager::registerFontCollection] register font [FOT-UDäpÉS_ÉâÅ[ÉW Pro M]*
[10/07 22:26:32] [INFO] [Media::FontManager::registerFontCollection] register font [FOT-UDäpÉS_ÉâÅ[ÉW Pro B]*
[10/07 22:26:32] [INFO] [Media::FontManager::registerFontCollection] register font [FOT-UDäpÉS_ÉâÅ[ÉW Pro DB]*
[10/07 22:26:32] [INFO] [Media::FontManager::registerFontCollection] register font [FOT-UDäpÉS_ÉXÉÇÅ[Éã Pr6 EL]*
[10/07 22:26:32] [INFO] [Media::FontManager::registerFontCollection] register font [FOT-UDäpÉS_ÉXÉÇÅ[Éã Pr6 L]*
[10/07 22:26:32] [INFO] [Media::FontManager::registerFontCollection] register font [FOT-UDäpÉS_ÉXÉÇÅ[Éã Pr6 R]*
[10/07 22:26:32] [INFO] [Media::FontManager::registerFontCollection] register font [FOT-UDäpÉS_ÉXÉÇÅ[Éã Pr6 M]*
[10/07 22:26:32] [INFO] [Media::FontManager::registerFontCollection] register font [FOT-UDäpÉS_ÉXÉÇÅ[Éã Pr6 B]*
[10/07 22:26:32] [INFO] [Media::FontManager::registerFontCollection] register font [FOT-UDäpÉS_ÉXÉÇÅ[Éã Pr6 H]*
[10/07 22:26:32] [INFO] [Media::FontManager::registerFontCollection] register font [FOT-UDäpÉS_ÉXÉÇÅ[Éã Pr6 U]*
[10/07 22:26:32] [INFO] [Media::FontManager::registerFontCollection] register font [FOT-UDäpÉS_ÉXÉÇÅ[Éã Pr6 DB]*
[10/07 22:26:32] [INFO] [Media::FontManager::registerFontCollection] register font [FOT-UDäpÉS_ÉXÉÇÅ[Éã Pr6 E]*
[10/07 22:26:32] [INFO] [Media::FontManager::registerFontCollection] register font [FOT-UDäpÉS_ÉXÉÇÅ[Éã Pr6 UL]*
[10/07 22:26:32] [INFO] [Media::FontManager::registerFontCollection] register font [FOT-UDäpÉS_ÉXÉÇÅ[Éã Pr6N EL]*
[10/07 22:26:32] [INFO] [Media::FontManager::registerFontCollection] register font [FOT-UDäpÉS_ÉXÉÇÅ[Éã Pr6N L]*
[10/07 22:26:32] [INFO] [Media::FontManager::registerFontCollection] register font [FOT-UDäpÉS_ÉXÉÇÅ[Éã Pr6N R]*
[10/07 22:26:32] [INFO] [Media::FontManager::registerFontCollection] register font [FOT-UDäpÉS_ÉXÉÇÅ[Éã Pr6N M]*
[10/07 22:26:32] [INFO] [Media::FontManager::registerFontCollection] register font [FOT-UDäpÉS_ÉXÉÇÅ[Éã Pr6N B]*
[10/07 22:26:32] [INFO] [Media::FontManager::registerFontCollection] register font [FOT-UDäpÉS_ÉXÉÇÅ[Éã Pr6N H]*
[10/07 22:26:32] [INFO] [Media::FontManager::registerFontCollection] register font [FOT-UDäpÉS_ÉXÉÇÅ[Éã Pr6N U]*
[10/07 22:26:32] [INFO] [Media::FontManager::registerFontCollection] register font [FOT-UDäpÉS_ÉXÉÇÅ[Éã Pr6N DB]*
[10/07 22:26:32] [INFO] [Media::FontManager::registerFontCollection] register font [FOT-UDäpÉS_ÉXÉÇÅ[Éã Pr6N E]*
[10/07 22:26:32] [INFO] [Media::FontManager::registerFontCollection] register font [FOT-UDäpÉS_ÉXÉÇÅ[Éã Pr6N UL]*
[10/07 22:26:32] [INFO] [Media::FontManager::registerFontCollection] register font [FOT-UDäpÉSC60 Pro L]*
[10/07 22:26:32] [INFO] [Media::FontManager::registerFontCollection] register font [FOT-UDäpÉSC60 Pro R]*
[10/07 22:26:32] [INFO] [Media::FontManager::registerFontCollection] register font [FOT-UDäpÉSC60 Pro M]*
[10/07 22:26:32] [INFO] [Media::FontManager::registerFontCollection] register font [FOT-UDäpÉSC60 Pro B]*
[10/07 22:26:32] [INFO] [Media::FontManager::registerFontCollection] register font [FOT-UDäpÉSC60 Pro DB]*
[10/07 22:26:32] [INFO] [Media::FontManager::registerFontCollection] register font [FOT-UDäpÉSC70 Pro L]*
[10/07 22:26:32] [INFO] [Media::FontManager::registerFontCollection] register font [FOT-UDäpÉSC70 Pro R]*
[10/07 22:26:32] [INFO] [Media::FontManager::registerFontCollection] register font [FOT-UDäpÉSC70 Pro M]*
[10/07 22:26:32] [INFO] [Media::FontManager::registerFontCollection] register font [FOT-UDäpÉSC70 Pro B]*
[10/07 22:26:32] [INFO] [Media::FontManager::registerFontCollection] register font [FOT-UDäpÉSC70 Pro DB]*
[10/07 22:26:32] [INFO] [Media::FontManager::registerFontCollection] register font [FOT-UDäpÉSC80 Pro L]*
[10/07 22:26:32] [INFO] [Media::FontManager::registerFontCollection] register font [FOT-UDäpÉSC80 Pro R]*
[10/07 22:26:32] [INFO] [Media::FontManager::registerFontCollection] register font [FOT-UDäpÉSC80 Pro M]*
[10/07 22:26:32] [INFO] [Media::FontManager::registerFontCollection] register font [FOT-UDäpÉSC80 Pro B]*
[10/07 22:26:32] [INFO] [Media::FontManager::registerFontCollection] register font [FOT-UDäpÉSC80 Pro DB]*
[10/07 22:26:32] [INFO] [Media::FontManager::registerFontCollection] register font [FOT-ÉnÉ~ÉìÉO Std L]*
[10/07 22:26:32] [INFO] [Media::FontManager::registerFontCollection] register font [FOT-ÉnÉ~ÉìÉO Std M]*
[10/07 22:26:32] [INFO] [Media::FontManager::registerFontCollection] register font [FOT-ÉnÉ~ÉìÉO Std B]*
[10/07 22:26:32] [INFO] [Media::FontManager::registerFontCollection] register font [FOT-ÉnÉ~ÉìÉO Std D]*
[10/07 22:26:32] [INFO] [Media::FontManager::registerFontCollection] register font [FOT-ÉnÉ~ÉìÉO Std E]*
[10/07 22:26:32] [INFO] [Media::FontManager::registerFontCollection] register font [FOT-ÉXÉLÉbÉv Std L]*
[10/07 22:26:32] [INFO] [Media::FontManager::registerFontCollection] register font [FOT-ÉXÉLÉbÉv Std M]*
[10/07 22:26:32] [INFO] [Media::FontManager::registerFontCollection] register font [FOT-ÉXÉLÉbÉv Std B]*
[10/07 22:26:32] [INFO] [Media::FontManager::registerFontCollection] register font [FOT-ÉXÉLÉbÉv Std D]*
[10/07 22:26:32] [INFO] [Media::FontManager::registerFontCollection] register font [FOT-ÉXÉLÉbÉv Std E]*
[10/07 22:26:32] [INFO] [Media::FontManager::registerFontCollection] register font [FOT-ÉAÉìÉ`ÉbÉNÉZÉUÉìÉk Pro DB]*
[10/07 22:26:32] [INFO] [Media::FontManager::registerFontCollection] register font [FOT-ÉAÉìÉ`ÉbÉNÉZÉUÉìÉk Pro M]*
[10/07 22:26:32] [INFO] [Media::FontManager::registerFontCollection] register font [FOT-ÉpÉãÉâÉÄÉl Std B]*
[10/07 22:26:32] [INFO] [Media::FontManager::registerFontCollection] register font [FOT-ÉpÉãÉåÉgÉçÉì Std B]*
[10/07 22:26:32] [INFO] [Media::FontManager::registerFontCollection] register font [FOT-ÉRÉÅÉbÉg Std B]*
[10/07 22:26:32] [INFO] [Media::FontManager::registerFontCollection] register font [FOT-ÉâÉCÉâ Std DB]*
[10/07 22:26:32] [INFO] [Media::FontManager::registerFontCollection] register font [FOT-ÉXÉeÉbÉL Std B]*
[10/07 22:26:32] [INFO] [Media::FontManager::registerFontCollection] register font [FOT-ÉhÉbÉgÉSÉVÉbÉN12 Std M]*
[10/07 22:26:32] [INFO] [Media::FontManager::registerFontCollection] register font [FOT-ÉhÉbÉgÉSÉVÉbÉN16 Std M]*
[10/07 22:26:32] [INFO] [Media::FontManager::registerFontCollection] register font [FOT-ÉçÉbÉNÉìÉçÅ[Éã Std DB]*
[10/07 22:26:32] [INFO] [Media::FontManager::registerFontCollection] register font [FOT-ÉXÉâÉìÉv Std DB]*
[10/07 22:26:32] [INFO] [Media::FontManager::registerFontCollection] register font [FOT-ÉåÉQÉG Std B]*
[10/07 22:26:32] [INFO] [Media::FontManager::registerFontCollection] register font [FOT-ÉâÉOÉâÉìÉpÉìÉ` Std UB]*
[10/07 22:26:32] [INFO] [Media::FontManager::registerFontCollection] register font [FOT-ÉÜÅ[ÉãÉJ Std UB]*
[10/07 22:26:32] [INFO] [Media::FontManager::registerFontCollection] register font [FOT-ÉxÉrÉ|ÉbÉv Std EB]*
[10/07 22:26:32] [INFO] [Media::FontManager::registerFontCollection] register font [FOT-ÉçÉ_ÉìÉ}ÉäÉA Pro B]*
[10/07 22:26:32] [INFO] [Media::FontManager::registerFontCollection] register font [FOT-ÉçÉ_ÉìÉ}ÉäÉA Pro EB]*
[10/07 22:26:32] [INFO] [Media::FontManager::registerFontCollection] register font [FOT-ÉçÉ_ÉìÉ}ÉäÉA Pro DB]*
[10/07 22:26:32] [INFO] [Media::FontManager::registerFontCollection] register font [FOT-ÉçÉ_ÉìÉçÅ[ÉY Pro B]*
[10/07 22:26:32] [INFO] [Media::FontManager::registerFontCollection] register font [FOT-ÉçÉ_ÉìÉçÅ[ÉY Pro EB]*
[10/07 22:26:32] [INFO] [Media::FontManager::registerFontCollection] register font [FOT-ÉçÉ_ÉìÉçÅ[ÉY Pro DB]*
[10/07 22:26:32] [INFO] [Media::FontManager::registerFontCollection] register font [FOT-ÉçÉ_ÉìÉJÉ~Å[ÉÜ Pro B]*
[10/07 22:26:32] [INFO] [Media::FontManager::registerFontCollection] register font [FOT-ÉçÉ_ÉìÉJÉ~Å[ÉÜ Pro EB]*
[10/07 22:26:32] [INFO] [Media::FontManager::registerFontCollection] register font [FOT-ÉçÉ_ÉìÉJÉ~Å[ÉÜ Pro DB]*
[10/07 22:26:32] [INFO] [Media::FontManager::registerFontCollection] register font [FOT-ÉçÉ_Éìñnìå Pro L]*
[10/07 22:26:32] [INFO] [Media::FontManager::registerFontCollection] register font [FOT-ÉçÉ_Éìñnìå Pro M]*
[10/07 22:26:32] [INFO] [Media::FontManager::registerFontCollection] register font [FOT-ÉçÉ_Éìñnìå Pro B]*
[10/07 22:26:32] [INFO] [Media::FontManager::registerFontCollection] register font [FOT-ÉçÉ_Éìñnìå Pro EB]*
[10/07 22:26:32] [INFO] [Media::FontManager::registerFontCollection] register font [FOT-ÉçÉ_Éìñnìå Pro DB]*
[10/07 22:26:32] [INFO] [Media::FontManager::registerFontCollection] register font [FOT-ÉçÉ_Éìñnìå Pro UB]*
[10/07 22:26:32] [INFO] [Media::FontManager::registerFontCollection] register font [FOT-ÉçÉ_ÉìÉnÉbÉsÅ[ Pro L]*
[10/07 22:26:32] [INFO] [Media::FontManager::registerFontCollection] register font [FOT-ÉçÉ_ÉìÉnÉbÉsÅ[ Pro M]*
[10/07 22:26:32] [INFO] [Media::FontManager::registerFontCollection] register font [FOT-ÉçÉ_ÉìÉnÉbÉsÅ[ Pro B]*
[10/07 22:26:32] [INFO] [Media::FontManager::registerFontCollection] register font [FOT-ÉçÉ_ÉìÉnÉbÉsÅ[ Pro EB]*
[10/07 22:26:32] [INFO] [Media::FontManager::registerFontCollection] register font [FOT-ÉçÉ_ÉìÉnÉbÉsÅ[ Pro DB]*
[10/07 22:26:32] [INFO] [Media::FontManager::registerFontCollection] register font [FOT-ÉçÉ_ÉìÉnÉbÉsÅ[ Pro UB]*
[10/07 22:26:32] [INFO] [Media::FontManager::registerFontCollection] register font [FOT-ÉçÉ_ÉìÉJÉgÉåÉA Pro L]*
[10/07 22:26:32] [INFO] [Media::FontManager::registerFontCollection] register font [FOT-ÉçÉ_ÉìÉJÉgÉåÉA Pro M]*
[10/07 22:26:32] [INFO] [Media::FontManager::registerFontCollection] register font [FOT-ÉçÉ_ÉìÉJÉgÉåÉA Pro B]*
[10/07 22:26:32] [INFO] [Media::FontManager::registerFontCollection] register font [FOT-ÉçÉ_ÉìÉJÉgÉåÉA Pro EB]*
[10/07 22:26:32] [INFO] [Media::FontManager::registerFontCollection] register font [FOT-ÉçÉ_ÉìÉJÉgÉåÉA Pro DB]*
[10/07 22:26:32] [INFO] [Media::FontManager::registerFontCollection] register font [FOT-ÉçÉ_ÉìÉJÉgÉåÉA Pro UB]*
[10/07 22:26:32] [INFO] [Media::FontManager::registerFontCollection] register font [FOT-ÉçÉ_ÉìÇ–Ç‹ÇÌÇË Pro L]*
[10/07 22:26:32] [INFO] [Media::FontManager::registerFontCollection] register font [FOT-ÉçÉ_ÉìÇ–Ç‹ÇÌÇË Pro M]*
[10/07 22:26:32] [INFO] [Media::FontManager::registerFontCollection] register font [FOT-ÉçÉ_ÉìÇ–Ç‹ÇÌÇË Pro B]*
[10/07 22:26:32] [INFO] [Media::FontManager::registerFontCollection] register font [FOT-ÉçÉ_ÉìÇ–Ç‹ÇÌÇË Pro EB]*
[10/07 22:26:32] [INFO] [Media::FontManager::registerFontCollection] register font [FOT-ÉçÉ_ÉìÇ–Ç‹ÇÌÇË Pro DB]*
[10/07 22:26:32] [INFO] [Media::FontManager::registerFontCollection] register font [FOT-ÉçÉ_ÉìÇ–Ç‹ÇÌÇË Pro UB]*
[10/07 22:26:32] [INFO] [Media::FontManager::registerFontCollection] register font [FOT-ÉçÉ_ÉìNTLG Pro L]*
[10/07 22:26:32] [INFO] [Media::FontManager::registerFontCollection] register font [FOT-ÉçÉ_ÉìNTLG Pro M]*
[10/07 22:26:32] [INFO] [Media::FontManager::registerFontCollection] register font [FOT-ÉçÉ_ÉìNTLG Pro B]*
[10/07 22:26:32] [INFO] [Media::FontManager::registerFontCollection] register font [FOT-ÉçÉ_ÉìNTLG Pro EB]*
[10/07 22:26:32] [INFO] [Media::FontManager::registerFontCollection] register font [FOT-ÉçÉ_ÉìNTLG Pro DB]*
[10/07 22:26:32] [INFO] [Media::FontManager::registerFontCollection] register font [FOT-ÉçÉ_ÉìNTLG Pro UB]*
[10/07 22:26:32] [INFO] [Media::FontManager::registerFontCollection] register font [FOT-ÉçÉ_ÉìÇÌÇÒÇœÇ≠ Pro L]*
[10/07 22:26:32] [INFO] [Media::FontManager::registerFontCollection] register font [FOT-ÉçÉ_ÉìÇÌÇÒÇœÇ≠ Pro M]*
[10/07 22:26:32] [INFO] [Media::FontManager::registerFontCollection] register font [FOT-ÉçÉ_ÉìÇÌÇÒÇœÇ≠ Pro B]*
[10/07 22:26:32] [INFO] [Media::FontManager::registerFontCollection] register font [FOT-ÉçÉ_ÉìÇÌÇÒÇœÇ≠ Pro EB]*
[10/07 22:26:32] [INFO] [Media::FontManager::registerFontCollection] register font [FOT-ÉçÉ_ÉìÇÌÇÒÇœÇ≠ Pro DB]*
[10/07 22:26:32] [INFO] [Media::FontManager::registerFontCollection] register font [FOT-ÉçÉ_ÉìÇÌÇÒÇœÇ≠ Pro UB]*
[10/07 22:26:32] [INFO] [Media::FontManager::registerFontCollection] register font [FOT-ÉZÉUÉìÉkñnìå Pro M]*
[10/07 22:26:32] [INFO] [Media::FontManager::registerFontCollection] register font [FOT-ÉZÉUÉìÉkñnìå Pro B]*
[10/07 22:26:32] [INFO] [Media::FontManager::registerFontCollection] register font [FOT-ÉZÉUÉìÉkñnìå Pro EB]*
[10/07 22:26:32] [INFO] [Media::FontManager::registerFontCollection] register font [FOT-ÉZÉUÉìÉkñnìå Pro DB]*
[10/07 22:26:32] [INFO] [Media::FontManager::registerFontCollection] register font [FOT-ÉXÅ[ÉâÉLÉÉÉsÅ[ Pro M]*
[10/07 22:26:32] [INFO] [Media::FontManager::registerFontCollection] register font [FOT-ÉXÅ[ÉâÉLÉÉÉsÅ[ Pro B]*
[10/07 22:26:32] [INFO] [Media::FontManager::registerFontCollection] register font [FOT-ÉXÅ[ÉâÉLÉÉÉsÅ[ Pro EB]*
[10/07 22:26:32] [INFO] [Media::FontManager::registerFontCollection] register font [FOT-ÉXÅ[ÉâÉLÉÉÉsÅ[ Pro DB]*
[10/07 22:26:32] [INFO] [Media::FontManager::registerFontCollection] register font [FTT-ÉXÅ[ÉâÉLÉÉÉsÅ[ B]*
[10/07 22:26:32] [INFO] [Media::FontManager::registerFontCollection] register font [FTT-ÉXÅ[ÉâÉLÉÉÉsÅ[ DB]*
[10/07 22:26:32] [INFO] [Media::FontManager::registerFontCollection] register font [FTT-ÉXÅ[ÉâÉLÉÉÉsÅ[ EB]*
[10/07 22:26:32] [INFO] [Media::FontManager::registerFontCollection] register font [FTT-ÉXÅ[ÉâÉLÉÉÉsÅ[ M]*
[10/07 22:26:32] [INFO] [Media::FontManager::registerFontCollection] register font [FOT-É}ÉeÉBÉXÇ¶ÇÍÇ™ÇÒÇ∆ Pro M]*
[10/07 22:26:32] [INFO] [Media::FontManager::registerFontCollection] register font [FOT-É}ÉeÉBÉXÇ¶ÇÍÇ™ÇÒÇ∆ Pro B]*
[10/07 22:26:32] [INFO] [Media::FontManager::registerFontCollection] register font [FOT-É}ÉeÉBÉXÇ¶ÇÍÇ™ÇÒÇ∆ Pro EB]*
[10/07 22:26:32] [INFO] [Media::FontManager::registerFontCollection] register font [FOT-É}ÉeÉBÉXÇ¶ÇÍÇ™ÇÒÇ∆ Pro DB]*
[10/07 22:26:32] [INFO] [Media::FontManager::registerFontCollection] register font [FOT-É}ÉeÉBÉXÇ¶ÇÍÇ™ÇÒÇ∆ Pro UB]*
[10/07 22:26:32] [INFO] [Media::FontManager::registerFontCollection] register font [FOT-É}ÉeÉBÉXÇÕÇ¬Ç–Ç‚Ç‹Ç∆Pro M]*
[10/07 22:26:32] [INFO] [Media::FontManager::registerFontCollection] register font [FOT-É}ÉeÉBÉXÇÕÇ¬Ç–Ç‚Ç‹Ç∆Pro B]*
[10/07 22:26:32] [INFO] [Media::FontManager::registerFontCollection] register font [FOT-É}ÉeÉBÉXÇÕÇ¬Ç–Ç‚Ç‹Ç∆Pro EB]*
[10/07 22:26:32] [INFO] [Media::FontManager::registerFontCollection] register font [FOT-É}ÉeÉBÉXÇÕÇ¬Ç–Ç‚Ç‹Ç∆Pro DB]*
[10/07 22:26:32] [INFO] [Media::FontManager::registerFontCollection] register font [FOT-É}ÉeÉBÉXÇ›ÇÃÇËÇ‚Ç‹Ç∆Pro M]*
[10/07 22:26:32] [INFO] [Media::FontManager::registerFontCollection] register font [FOT-É}ÉeÉBÉXÇ›ÇÃÇËÇ‚Ç‹Ç∆Pro B]*
[10/07 22:26:32] [INFO] [Media::FontManager::registerFontCollection] register font [FOT-É}ÉeÉBÉXÇ›ÇÃÇËÇ‚Ç‹Ç∆Pro EB]*
[10/07 22:26:32] [INFO] [Media::FontManager::registerFontCollection] register font [FOT-É}ÉeÉBÉXÇ›ÇÃÇËÇ‚Ç‹Ç∆Pro DB]*
[10/07 22:26:32] [INFO] [Media::FontManager::registerFontCollection] register font [FOT-É}ÉeÉBÉXÇÌÇ©ÇŒÇ‚Ç‹Ç∆Pro M]*
[10/07 22:26:32] [INFO] [Media::FontManager::registerFontCollection] register font [FOT-É}ÉeÉBÉXÇÌÇ©ÇŒÇ‚Ç‹Ç∆Pro B]*
[10/07 22:26:32] [INFO] [Media::FontManager::registerFontCollection] register font [FOT-É}ÉeÉBÉXÇÌÇ©ÇŒÇ‚Ç‹Ç∆Pro EB]*
[10/07 22:26:32] [INFO] [Media::FontManager::registerFontCollection] register font [FOT-É}ÉeÉBÉXÇÌÇ©ÇŒÇ‚Ç‹Ç∆Pro DB]*
[10/07 22:26:32] [INFO] [Media::FontManager::registerFontCollection] register font [FOT-É}ÉeÉBÉXV Pro L]*
[10/07 22:26:32] [INFO] [Media::FontManager::registerFontCollection] register font [FOT-É}ÉeÉBÉXV Pro M]*
[10/07 22:26:32] [INFO] [Media::FontManager::registerFontCollection] register font [FOT-É}ÉeÉBÉXV Pro B]*
[10/07 22:26:32] [INFO] [Media::FontManager::registerFontCollection] register font [FOT-É}ÉeÉBÉXV Pro EB]*
[10/07 22:26:32] [INFO] [Media::FontManager::registerFontCollection] register font [FOT-É}ÉeÉBÉXV Pro DB]*
[10/07 22:26:32] [INFO] [Media::FontManager::registerFontCollection] register font [FOT-É}ÉeÉBÉXV Pro UB]*
[10/07 22:26:32] [INFO] [Media::FontManager::registerFontCollection] register font [FOT-FWHebrew-B] 
[10/07 22:26:32] [INFO] [Media::FontManager::registerFontCollection] register font [FOT-FWHebrew-DB] 
[10/07 22:26:32] [INFO] [Media::FontManager::registerFontCollection] register font [FOT-FWHebrew-R] 
[10/07 22:26:32] [INFO] [Media::FontManager::registerFontCollection] register font [FOT-FWThai-B] 
[10/07 22:26:32] [INFO] [Media::FontManager::registerFontCollection] register font [FOT-FWThai-DB] 
[10/07 22:26:32] [INFO] [Media::FontManager::registerFontCollection] register font [FOT-FWThai-R] 
[10/07 22:26:32] [INFO] [Media::FontManager::registerFontCollection] register font [FOT-DNP èGâpÉAÉìÉ`ÉbÉN Std B]*
[10/07 22:26:32] [INFO] [Media::FontManager::registerFontCollection] register font [FOT-DNP èGâpäpÉSÉVÉbÉNã‡ Std L]*
[10/07 22:26:32] [INFO] [Media::FontManager::registerFontCollection] register font [FOT-DNP èGâpäpÉSÉVÉbÉNã‡ Std M]*
[10/07 22:26:32] [INFO] [Media::FontManager::registerFontCollection] register font [FOT-DNP èGâpäpÉSÉVÉbÉNã‡ Std B]*
[10/07 22:26:32] [INFO] [Media::FontManager::registerFontCollection] register font [FOT-DNP èGâpäpÉSÉVÉbÉNã‚ Std L]*
[10/07 22:26:32] [INFO] [Media::FontManager::registerFontCollection] register font [FOT-DNP èGâpäpÉSÉVÉbÉNã‚ Std M]*
[10/07 22:26:32] [INFO] [Media::FontManager::registerFontCollection] register font [FOT-DNP èGâpäpÉSÉVÉbÉNã‚ Std B]*
[10/07 22:26:32] [INFO] [Media::FontManager::registerFontCollection] register font [FOT-FWHindi-B] 
[10/07 22:26:32] [INFO] [Media::FontManager::registerFontCollection] register font [FOT-FWHindi-DB] 
[10/07 22:26:32] [INFO] [Media::FontManager::registerFontCollection] register font [FOT-FWHindi-R] 
[10/07 22:26:32] [INFO] [Media::FontManager::registerFontCollection] register font [FOT-FWArabic-B] 
[10/07 22:26:32] [INFO] [Media::FontManager::registerFontCollection] register font [FOT-FWArabic-DB] 
[10/07 22:26:32] [INFO] [Media::FontManager::registerFontCollection] register font [FOT-FWArabic-R] 
[10/07 22:26:32] [INFO] [Media::FontManager::registerFontCollection] register font [FOT-â‘ïóÇ»Ç≤Ç› Std B]*
[10/07 22:26:32] [INFO] [Media::FontManager::registerFontCollection] register font [FOT-â‘ïóÉeÉNÉm Std E]*
[10/07 22:26:32] [INFO] [Media::FontManager::registerFontCollection] register font [FOT-â‘ïóÉeÉNÉm Std H]*
[10/07 22:26:32] [INFO] [Media::FontManager::registerFontCollection] register font [FOT-â‘ïóÉeÉNÉm Std U]*
[10/07 22:26:32] [INFO] [Media::FontManager::registerFontCollection] register font [FOT-Ç¬ÇŒÇﬂ Std R]*
[10/07 22:26:32] [INFO] [Media::FontManager::registerFontCollection] register font [FOT-ÉjÉÖÅ[ÉVÉlÉ}A Std D]*
[10/07 22:26:32] [INFO] [Media::FontManager::registerFontCollection] register font [FOT-Ç†Ç®Ç©ÇÀ Std EB]*
[10/07 22:26:32] [INFO] [Media::FontManager::registerFontCollection] register font [FOT-Ç≠ÇÎÇ©ÇÀ Std EB]*
[10/07 22:26:32] [INFO] [Media::FontManager::registerFontCollection] register font [FOT-ÉSÉXÉyÉã Std EB]*
[10/07 22:26:32] [INFO] [Media::FontManager::registerFontCollection] register font [FTT-ÉSÉXÉyÉã EB]*
[10/07 22:26:32] [INFO] [Media::FontManager::registerFontCollection] register font [FOTC-ARShuyuanheiB5 Medium] 
[10/07 22:26:32] [INFO] [Media::FontManager::registerFontCollection] register font [FOTC-ARNewHeiB5 Heavy] 
[10/07 22:26:32] [INFO] [Media::FontManager::registerFontCollection] register font [FOTC-ARCrystalzhongheiGB Medium] 
[10/07 22:26:32] [INFO] [Media::FontManager::registerFontCollection] register font [FOTC-ARCuheiGB Bold] 
[10/07 22:26:32] [INFO] [Media::FontManager::registerFontCollection] register font [FOTC-ARNewHeiGB Ultra] 
[10/07 22:26:32] [INFO] [Media::FontManager::registerFontCollection] register font [FOTK-YDGothic 120] 
[10/07 22:26:32] [INFO] [Media::FontManager::registerFontCollection] register font [FOTK-YDGothic 130] 
[10/07 22:26:32] [INFO] [Media::FontManager::registerFontCollection] register font [FOTK-YDGothic 140] 
[10/07 22:26:32] [INFO] [Media::FontManager::registerFontCollection] register font [FOTK-Yoon Gothic 710] 
[10/07 22:26:32] [INFO] [Media::FontManager::registerFontCollection] register font [FOTK-Yoon Gothic 720] 
[10/07 22:26:32] [INFO] [Media::FontManager::registerFontCollection] register font [FOTK-Yoon Gothic 730] 
[10/07 22:26:32] [INFO] [Media::FontManager::registerFontCollection] register font [FOTK-Yoon Gothic 740] 
[10/07 22:26:32] [INFO] [Media::FontManager::registerFontCollection] register font [FOTK-Yoon Gothic 750] 
[10/07 22:26:32] [INFO] [Media::FontManager::registerFontCollection] register font [FOTK-Yoon Gothic 760] 
[10/07 22:26:32] [INFO] [Media::FontManager::registerFontCollection] register font [FOTK-Yoon Gothic 770] 
[10/07 22:26:32] [INFO] [Media::FontManager::registerFontCollection] register font [FOTK-Yoon Gothic 780] 
[10/07 22:26:32] [INFO] [Media::FontManager::registerFontCollection] register font [FOTK-Yoon Gothic 790] 
[10/07 22:26:32] [INFO] [Media::FontManager::registerFontCollection] register font [FOT-í}éáAMÉSÉVÉbÉNL Std B]*
[10/07 22:26:32] [INFO] [Media::FontManager::registerFontCollection] register font [FOT-í}éáAMÉSÉVÉbÉNS Std B]*
[10/07 22:26:32] [INFO] [Media::FontManager::registerFontCollection] register font [FOT-Ç†Ç©Ç©ÇÀ Std EB]*
[10/07 22:26:32] [INFO] [Media::FontManager::registerFontCollection] register font [FOT-í}éáÉIÅ[ÉãÉhÉSÉVÉbÉN Std UL]*
[10/07 22:26:32] [INFO] [Media::FontManager::registerFontCollection] register font [FOT-iroha 21popura StdN R]*
[10/07 22:26:32] [INFO] [Media::FontManager::registerFontCollection] register font [FOT-iroha 22momi StdN R]*
[10/07 22:26:32] [INFO] [Media::FontManager::registerFontCollection] register font [FOT-iroha 23kaede StdN R]*
[10/07 22:26:32] [INFO] [Media::FontManager::registerFontCollection] register font [FOT-iroha 24matu StdN R]*
[10/07 22:26:32] [INFO] [Media::FontManager::registerFontCollection] register font [FOT-iroha 25icho StdN R]*
[10/07 22:26:32] [INFO] [Media::FontManager::registerFontCollection] register font [FOT-iroha 26tubaki StdN R]*
[10/07 22:26:32] [INFO] [Media::FontManager::registerFontCollection] register font [FOT-iroha 27keyaki StdN R]*
[10/07 22:26:32] [INFO] [Media::FontManager::registerFontCollection] register font [FOT-iroha 28kiri StdN R]*
[10/07 22:26:32] [INFO] [Media::FontManager::registerFontCollection] register font [FOT-iroha 29ume StdN R]*
[10/07 22:26:32] [INFO] [Media::FontManager::registerFontCollection] register font [FOT-iroha 30momiji StdN R]*
[10/07 22:26:32] [INFO] [Media::FontManager::registerFontCollection] register font [FOT-iroha 31nire StdN R]*
[10/07 22:26:32] [INFO] [Media::FontManager::registerFontCollection] register font [FOT-iroha 32sakura StdN R]*
[10/07 22:26:32] [INFO] [Media::FontManager::registerFontCollection] register font [FOT-í}éáÉIÅ[ÉãÉhÉSÉVÉbÉN Std D]*
[10/07 22:26:32] [INFO] [Media::FontManager::registerFontCollection] register font [FOT-í}éáÉIÅ[ÉãÉhÉSÉVÉbÉN Std E]*
[10/07 22:26:32] [INFO] [Media::FontManager::registerFontCollection] register font [FOT-IDäpÉSSC_ÉXÉÇÅ[Éã Pr6N M]*
[10/07 22:26:32] [INFO] [Media::FontManager::registerFontCollection] register font [FOT-IDäpÉSLV_ÉXÉÇÅ[Éã Pr6N M]*
[10/07 22:26:32] [INFO] [Media::FontManager::registerFontCollection] register font [ê®ò@å‡í|âºñº Classic OT EL]*
[10/07 22:26:32] [INFO] [Media::FontManager::registerFontCollection] register font [ê®ò@å‡í|âºñº Classic OT EB]*
[10/07 22:26:32] [INFO] [Media::FontManager::registerFontCollection] register font [ê®ò@å‡í|âºñº Classic OT L] 
[10/07 22:26:32] [INFO] [Media::FontManager::registerFontCollection] register font [ê®ò@å‡í|âºñº Classic OT R] 
[10/07 22:26:32] [INFO] [Media::FontManager::registerFontCollection] register font [ê®ò@å‡í|âºñº Classic OT M] 
[10/07 22:26:32] [INFO] [Media::FontManager::registerFontCollection] register font [ê®ò@å‡í|âºñº Classic OT DB]*
[10/07 22:26:32] [INFO] [Media::FontManager::registerFontCollection] register font [ê®ò@å‡í|âºñº Classic OT B] 
[10/07 22:26:32] [INFO] [Media::FontManager::registerFontCollection] register font [ê®ò@å‡í|âºñº Classic OT H] 
[10/07 22:26:32] [INFO] [Media::FontManager::registerFontCollection] register font [ê®ò@å‡í|âºñº Classic OT U] 
[10/07 22:26:32] [INFO] [Media::FontManager::registerFontCollection] register font [ËŒå‡í| UL]*
[10/07 22:26:32] [INFO] [Media::FontManager::registerFontCollection] register font [ËŒå‡í| EL]*
[10/07 22:26:32] [INFO] [Media::FontManager::registerFontCollection] register font [ËŒå‡í| EB]*
[10/07 22:26:32] [INFO] [Media::FontManager::registerFontCollection] register font [ËŒå‡í| L] 
[10/07 22:26:32] [INFO] [Media::FontManager::registerFontCollection] register font [ËŒå‡í| R] 
[10/07 22:26:32] [INFO] [Media::FontManager::registerFontCollection] register font [ËŒå‡í| M] 
[10/07 22:26:32] [INFO] [Media::FontManager::registerFontCollection] register font [ËŒå‡í| DB]*
[10/07 22:26:32] [INFO] [Media::FontManager::registerFontCollection] register font [ËŒå‡í| B] 
[10/07 22:26:32] [INFO] [Media::FontManager::registerFontCollection] register font [ËŒå‡í| H] 
[10/07 22:26:32] [INFO] [Media::FontManager::registerFontCollection] register font [ËŒå‡í| U] 
[10/07 22:26:32] [INFO] [Media::FontManager::registerFontCollection] register font [FOT-ÉnÉ~ÉìÉO Pro L]*
[10/07 22:26:32] [INFO] [Media::FontManager::registerFontCollection] register font [FOT-ÉnÉ~ÉìÉO Pro M]*
[10/07 22:26:32] [INFO] [Media::FontManager::registerFontCollection] register font [FOT-ÉnÉ~ÉìÉO Pro B]*
[10/07 22:26:32] [INFO] [Media::FontManager::registerFontCollection] register font [FOT-ÉnÉ~ÉìÉO Pro D]*
[10/07 22:26:32] [INFO] [Media::FontManager::registerFontCollection] register font [FOT-ÉnÉ~ÉìÉO Pro E]*
[10/07 22:26:32] [INFO] [Media::FontManager::registerFontCollection] register font [M-78] 
[10/07 22:26:32] [INFO] [Media::FontManager::registerFontCollection] register font [NKF22 Magicum CanonicumRotundum] 
[10/07 22:26:32] [INFO] [Media::FontManager::registerFontCollection] register font [MadokaRunes] 
[10/07 22:26:32] [INFO] [Media::FontManager::registerFontCollection] register font [A-SK ÉCÉiÉ~Éì Min2 E]*
[10/07 22:26:32] [INFO] [Media::FontManager::registerFontCollection] register font [MOSuuji H D DFn] 
[10/07 22:26:32] [INFO] [Media::FontManager::registerFontCollection] register font [MOSuuji H D CCn] 
[10/07 22:26:32] [INFO] [Media::FontManager::registerFontCollection] register font [A-OTF êVä€ÉS Pr6N L]*
[10/07 22:26:32] [INFO] [Media::FontManager::registerFontCollection] register font [A-OTF êVä€ÉS Pr6N R]*
[10/07 22:26:32] [INFO] [Media::FontManager::registerFontCollection] register font [A-OTF êVä€ÉS Pr6N M]*
[10/07 22:26:32] [INFO] [Media::FontManager::registerFontCollection] register font [A-OTF êVä€ÉS Pr6N B]*
[10/07 22:26:32] [INFO] [Media::FontManager::registerFontCollection] register font [A-OTF êVä€ÉS Pr6N H]*
[10/07 22:26:32] [INFO] [Media::FontManager::registerFontCollection] register font [A-OTF êVä€ÉS Pr6N U]*
[10/07 22:26:32] [INFO] [Media::FontManager::registerFontCollection] register font [A P-OTF A1ÉSÉVÉbÉN Std L]*
[10/07 22:26:32] [INFO] [Media::FontManager::registerFontCollection] register font [A P-OTF A1ÉSÉVÉbÉN Std R]*
[10/07 22:26:32] [INFO] [Media::FontManager::registerFontCollection] register font [A P-OTF A1ÉSÉVÉbÉN Std M]*
[10/07 22:26:32] [INFO] [Media::FontManager::registerFontCollection] register font [A P-OTF A1ÉSÉVÉbÉN Std B]*
[10/07 22:26:32] [INFO] [Media::FontManager::registerFontCollection] register font [TBÉJÉäÉOÉâÉSÉVÉbÉN Std R]*
[10/07 22:26:32] [INFO] [Media::FontManager::registerFontCollection] register font [Franklin Gothic ATF Thin] 
[10/07 22:26:32] [INFO] [Media::FontManager::registerFontCollection] register font [Franklin Gothic ATF ExLt] 
[10/07 22:26:32] [INFO] [Media::FontManager::registerFontCollection] register font [Franklin Gothic ATF Lt] 
[10/07 22:26:32] [INFO] [Media::FontManager::registerFontCollection] register font [Franklin Gothic ATF] 
[10/07 22:26:32] [INFO] [Media::FontManager::registerFontCollection] register font [Franklin Gothic ATF Med] 
[10/07 22:26:32] [INFO] [Media::FontManager::registerFontCollection] register font [Franklin Gothic ATF Hvy] 
[10/07 22:26:32] [INFO] [Media::FontManager::registerFontCollection] register font [Franklin Gothic ATF Blk] 
[10/07 22:26:32] [INFO] [Media::FontManager::registerFontCollection] register font [Franklin Gothic ATF Ult] 
[10/07 22:26:32] [INFO] [Media::FontManager::registerFontCollection] register font [MO UDêVÉS ÉnÉìÉOÉã Ko2 EL]*
[10/07 22:26:32] [INFO] [Media::FontManager::registerFontCollection] register font [MO UDêVÉS ÉnÉìÉOÉã Ko2 L]*
[10/07 22:26:32] [INFO] [Media::FontManager::registerFontCollection] register font [MO UDêVÉS ÉnÉìÉOÉã Ko2 R]*
[10/07 22:26:32] [INFO] [Media::FontManager::registerFontCollection] register font [MO UDêVÉS ÉnÉìÉOÉã Ko2 M]*
[10/07 22:26:32] [INFO] [Media::FontManager::registerFontCollection] register font [MO UDêVÉS ÉnÉìÉOÉã Ko2 B]*
[10/07 22:26:32] [INFO] [Media::FontManager::registerFontCollection] register font [MO UDêVÉS ÉnÉìÉOÉã Ko2 H]*
[10/07 22:26:32] [INFO] [Media::FontManager::registerFontCollection] register font [MO UDêVÉS ÉnÉìÉOÉã Ko2 U]*
[10/07 22:26:32] [INFO] [Media::FontManager::registerFontCollection] register font [MOSuuji H D DGn] 
[10/07 22:26:32] [INFO] [Media::FontManager::registerFontCollection] register font [MOSuuji H D CDn] 
[10/07 22:26:32] [INFO] [Media::FontManager::registerFontCollection] register font [A P-OTF âÉ~Éì íà StdN R]*
[10/07 22:26:32] [INFO] [Media::FontManager::registerFontCollection] register font [A P-OTF âÉ~Éì íà StdN M]*
[10/07 22:26:32] [INFO] [Media::FontManager::registerFontCollection] register font [A P-OTF âÉ~Éì íà StdN B]*
[10/07 22:26:32] [INFO] [Media::FontManager::registerFontCollection] register font [A P-OTF âÉ~Éì íà StdN H]*
[10/07 22:26:32] [INFO] [Media::FontManager::registerFontCollection] register font [Futura PT Light] 
[10/07 22:26:32] [INFO] [Media::FontManager::registerFontCollection] register font [Futura PT Book] 
[10/07 22:26:32] [INFO] [Media::FontManager::registerFontCollection] register font [Futura PT Medium] 
[10/07 22:26:32] [INFO] [Media::FontManager::registerFontCollection] register font [Futura PT Heavy] 
[10/07 22:26:32] [INFO] [Media::FontManager::registerFontCollection] register font [Futura PT Demi] 
[10/07 22:26:32] [INFO] [Media::FontManager::registerFontCollection] register font [Futura PT Bold] 
[10/07 22:26:32] [INFO] [Media::FontManager::registerFontCollection] register font [Futura PT Extra Bold] 
[10/07 22:26:32] [INFO] [Media::FontManager::registerFontCollection] register font [Clarimo UD PE ExtraLight] 
[10/07 22:26:32] [INFO] [Media::FontManager::registerFontCollection] register font [Clarimo UD PE Condensed XLt] 
[10/07 22:26:32] [INFO] [Media::FontManager::registerFontCollection] register font [Clarimo UD PE Light] 
[10/07 22:26:32] [INFO] [Media::FontManager::registerFontCollection] register font [Clarimo UD PE Condensed Lt] 
[10/07 22:26:32] [INFO] [Media::FontManager::registerFontCollection] register font [Clarimo UD PE] 
[10/07 22:26:32] [INFO] [Media::FontManager::registerFontCollection] register font [Clarimo UD PE Condensed] 
[10/07 22:26:32] [INFO] [Media::FontManager::registerFontCollection] register font [Clarimo UD PE Medium] 
[10/07 22:26:32] [INFO] [Media::FontManager::registerFontCollection] register font [Clarimo UD PE Condensed Md] 
[10/07 22:26:32] [INFO] [Media::FontManager::registerFontCollection] register font [Clarimo UD PE DemiBold] 
[10/07 22:26:32] [INFO] [Media::FontManager::registerFontCollection] register font [Clarimo UD PE Condensed DmBd] 
[10/07 22:26:32] [INFO] [Media::FontManager::registerFontCollection] register font [Clarimo UD PE Heavy] 
[10/07 22:26:32] [INFO] [Media::FontManager::registerFontCollection] register font [Clarimo UD PE Condensed Hv] 
[10/07 22:26:32] [INFO] [Media::FontManager::registerFontCollection] register font [Clarimo UD PE Ultra] 
[10/07 22:26:32] [INFO] [Media::FontManager::registerFontCollection] register font [Clarimo UD PE Condensed Ult] 
[10/07 22:26:32] [INFO] [Media::FontManager::registerFontCollection] register font [MOSuuji H D CEn] 
[10/07 22:26:32] [INFO] [Media::FontManager::registerFontCollection] register font [A P-OTF ÉvÉt ÉsÉNÉjÉbÉN Min2 H]*
[10/07 22:26:32] [INFO] [Media::FontManager::registerFontCollection] register font [A P-OTF É^ÉJÉnÉìÉh StdN H]*
[10/07 22:26:32] [INFO] [Media::FontManager::registerFontCollection] register font [A P-OTF ÉOÉçÉEDisp Min2 Cond B]*
[10/07 22:26:32] [INFO] [Media::FontManager::registerFontCollection] register font [A P-OTF ÉOÉçÉEDisp Min2 B]*
[10/07 22:26:32] [INFO] [Media::FontManager::registerFontCollection] register font [A-OTF êVÉS Pr6N EL]*
[10/07 22:26:32] [INFO] [Media::FontManager::registerFontCollection] register font [A-OTF êVÉS Pr6N L]*
[10/07 22:26:32] [INFO] [Media::FontManager::registerFontCollection] register font [A-OTF êVÉS Pr6N R]*
[10/07 22:26:32] [INFO] [Media::FontManager::registerFontCollection] register font [A-OTF êVÉS Pr6N M]*
[10/07 22:26:32] [INFO] [Media::FontManager::registerFontCollection] register font [A-OTF êVÉS Pr6N B]*
[10/07 22:26:32] [INFO] [Media::FontManager::registerFontCollection] register font [A-OTF êVÉS Pr6N H]*
[10/07 22:26:32] [INFO] [Media::FontManager::registerFontCollection] register font [A-OTF êVÉS Pr6N U]*
[10/07 22:26:32] [INFO] [Media::FontManager::registerFontCollection] register font [A P-OTF ÇµÇ‹Ç»Ç› StdN R]*
[10/07 22:26:32] [INFO] [Media::FontManager::registerFontCollection] register font [A-OTF UDêVÉSÉRÉìÉf60 Pr6N EL]*
[10/07 22:26:32] [INFO] [Media::FontManager::registerFontCollection] register font [A-OTF UDêVÉSÉRÉìÉf60 Pr6N L]*
[10/07 22:26:32] [INFO] [Media::FontManager::registerFontCollection] register font [A-OTF UDêVÉSÉRÉìÉf60 Pr6N R]*
[10/07 22:26:32] [INFO] [Media::FontManager::registerFontCollection] register font [A-OTF UDêVÉSÉRÉìÉf60 Pr6N M]*
[10/07 22:26:32] [INFO] [Media::FontManager::registerFontCollection] register font [A-OTF UDêVÉSÉRÉìÉf60 Pr6N B]*
[10/07 22:26:32] [INFO] [Media::FontManager::registerFontCollection] register font [A-OTF UDêVÉSÉRÉìÉf60 Pr6N H]*
[10/07 22:26:32] [INFO] [Media::FontManager::registerFontCollection] register font [A-OTF UDêVÉSÉRÉìÉf60 Pr6N U]*
[10/07 22:26:32] [INFO] [Media::FontManager::registerFontCollection] register font [A-OTF É^ÉJÉÇÉ_Éì Min M]*
[10/07 22:26:32] [INFO] [Media::FontManager::registerFontCollection] register font [MOSuuji H D BDn] 
[10/07 22:26:32] [INFO] [Media::FontManager::registerFontCollection] register font [A P-OTF ÉâÉsÉXÉGÉbÉW Min2 L]*
[10/07 22:26:32] [INFO] [Media::FontManager::registerFontCollection] register font [A P-OTF ÉâÉsÉXÉGÉbÉW Min2 M]*
[10/07 22:26:32] [INFO] [Media::FontManager::registerFontCollection] register font [A P-OTF ÉâÉsÉXÉGÉbÉW Min2 B]*
[10/07 22:26:32] [INFO] [Media::FontManager::registerFontCollection] register font [MOSuuji H D CHn] 
[10/07 22:26:32] [INFO] [Media::FontManager::registerFontCollection] register font [MOSuuji H D BEn] 
[10/07 22:26:32] [INFO] [Media::FontManager::registerFontCollection] register font [A P-OTF ÉJÉNÉ~Éì ProN R]*
[10/07 22:26:32] [INFO] [Media::FontManager::registerFontCollection] register font [A P-OTF ÉJÉNÉ~Éì ProN M]*
[10/07 22:26:32] [INFO] [Media::FontManager::registerFontCollection] register font [A P-OTF ÉJÉNÉ~Éì ProN B]*
[10/07 22:26:32] [INFO] [Media::FontManager::registerFontCollection] register font [A P-OTF ÉJÉNÉ~Éì ProN H]*
[10/07 22:26:32] [INFO] [Media::FontManager::registerFontCollection] register font [MOSuuji H D CIn] 
[10/07 22:26:32] [INFO] [Media::FontManager::registerFontCollection] register font [MOSuuji H D BFn] 
[10/07 22:26:32] [INFO] [Media::FontManager::registerFontCollection] register font [A-OTF âÉ~Éì åé Std R]*
[10/07 22:26:32] [INFO] [Media::FontManager::registerFontCollection] register font [A-OTF âÉ~Éì åé Std M]*
[10/07 22:26:32] [INFO] [Media::FontManager::registerFontCollection] register font [A-OTF âÉ~Éì åé Std B]*
[10/07 22:26:32] [INFO] [Media::FontManager::registerFontCollection] register font [A-OTF âÉ~Éì åé Std H]*
[10/07 22:26:32] [INFO] [Media::FontManager::registerFontCollection] register font [A-OTF ÉJÉNÉ~Éì Pro R]*
[10/07 22:26:32] [INFO] [Media::FontManager::registerFontCollection] register font [A-OTF ÉJÉNÉ~Éì Pro M]*
[10/07 22:26:32] [INFO] [Media::FontManager::registerFontCollection] register font [A-OTF ÉJÉNÉ~Éì Pro B]*
[10/07 22:26:32] [INFO] [Media::FontManager::registerFontCollection] register font [A-OTF ÉJÉNÉ~Éì Pro H]*
[10/07 22:26:32] [INFO] [Media::FontManager::registerFontCollection] register font [Cetra Text Pro] 
[10/07 22:26:32] [INFO] [Media::FontManager::registerFontCollection] register font [Cetra Text Pro Medium] 
[10/07 22:26:32] [INFO] [Media::FontManager::registerFontCollection] register font [MOSuuji H D CJn] 
[10/07 22:26:32] [INFO] [Media::FontManager::registerFontCollection] register font [A P-OTF ÉâÉsÉXÉÅÉãÉg Min2 L]*
[10/07 22:26:32] [INFO] [Media::FontManager::registerFontCollection] register font [A P-OTF ÉâÉsÉXÉÅÉãÉg Min2 M]*
[10/07 22:26:32] [INFO] [Media::FontManager::registerFontCollection] register font [A P-OTF ÉâÉsÉXÉÅÉãÉg Min2 B]*
[10/07 22:26:32] [INFO] [Media::FontManager::registerFontCollection] register font [AR UDJingXiHeiE1B5HK DBL] 
[10/07 22:26:32] [INFO] [Media::FontManager::registerFontCollection] register font [MO UDêVÉS ä»ëÃéö Gb6 R]*
[10/07 22:26:32] [INFO] [Media::FontManager::registerFontCollection] register font [MO UDêVÉS ä»ëÃéö Gb6 M]*
[10/07 22:26:32] [INFO] [Media::FontManager::registerFontCollection] register font [MO UDêVÉS ä»ëÃéö Gb6 B]*
[10/07 22:26:32] [INFO] [Media::FontManager::registerFontCollection] register font [MOSuuji H D BHn] 
[10/07 22:26:32] [INFO] [Media::FontManager::registerFontCollection] register font [UDÉfÉWÉ^Éãã≥â»èëëÃ ProN R]*
[10/07 22:26:32] [INFO] [Media::FontManager::registerFontCollection] register font [UDÉfÉWÉ^Éãã≥â»èëëÃ ProN B]*
[10/07 22:26:32] [INFO] [Media::FontManager::registerFontCollection] register font [Myriad Pro] 
[10/07 22:26:32] [INFO] [Media::FontManager::registerFontCollection] register font [Clarimo UD Thai Light] 
[10/07 22:26:32] [INFO] [Media::FontManager::registerFontCollection] register font [Clarimo UD Thai] 
[10/07 22:26:32] [INFO] [Media::FontManager::registerFontCollection] register font [Clarimo UD Thai Medium] 
[10/07 22:26:32] [INFO] [Media::FontManager::registerFontCollection] register font [Clarimo UD Thai DemiBold] 
[10/07 22:26:32] [INFO] [Media::FontManager::registerFontCollection] register font [UDêVÉS ïWèÄî…ëÃéö M]*
[10/07 22:26:32] [INFO] [Media::FontManager::registerFontCollection] register font [MOSuuji H D BIn] 
[10/07 22:26:32] [INFO] [Media::FontManager::registerFontCollection] register font [A P-OTF çïój StdN H]*
[10/07 22:26:32] [INFO] [Media::FontManager::registerFontCollection] register font [A P-OTF ÉgÅ[ÉLÉìÉO StdN R]*
[10/07 22:26:32] [INFO] [Media::FontManager::registerFontCollection] register font [A P-OTF ÉOÉçÉEText Min2 Cond H]*
[10/07 22:26:32] [INFO] [Media::FontManager::registerFontCollection] register font [A P-OTF ÉOÉçÉEText Min2 H]*
[10/07 22:26:32] [INFO] [Media::FontManager::registerFontCollection] register font [ÉqÉâÉMÉmäpÉS Std W0]*
[10/07 22:26:32] [INFO] [Media::FontManager::registerFontCollection] register font [MOSuuji H D BJn] 
[10/07 22:26:32] [INFO] [Media::FontManager::registerFontCollection] register font [A P-OTF ÉgÉìÉlÉã Min ç◊ê¸]*
[10/07 22:26:32] [INFO] [Media::FontManager::registerFontCollection] register font [A-OTF ìﬂã‘ Std Regular]*
[10/07 22:26:32] [INFO] [Media::FontManager::registerFontCollection] register font [A-OTF UDêVÉSÉRÉìÉf80 Pr6N EL]*
[10/07 22:26:32] [INFO] [Media::FontManager::registerFontCollection] register font [A-OTF UDêVÉSÉRÉìÉf80 Pr6N L]*
[10/07 22:26:32] [INFO] [Media::FontManager::registerFontCollection] register font [A-OTF UDêVÉSÉRÉìÉf80 Pr6N R]*
[10/07 22:26:32] [INFO] [Media::FontManager::registerFontCollection] register font [A-OTF UDêVÉSÉRÉìÉf80 Pr6N M]*
[10/07 22:26:32] [INFO] [Media::FontManager::registerFontCollection] register font [A-OTF UDêVÉSÉRÉìÉf80 Pr6N B]*
[10/07 22:26:32] [INFO] [Media::FontManager::registerFontCollection] register font [A-OTF UDêVÉSÉRÉìÉf80 Pr6N H]*
[10/07 22:26:32] [INFO] [Media::FontManager::registerFontCollection] register font [A-OTF UDêVÉSÉRÉìÉf80 Pr6N U]*
[10/07 22:26:32] [INFO] [Media::FontManager::registerFontCollection] register font [A P-OTF çïój Std H]*
[10/07 22:26:32] [INFO] [Media::FontManager::registerFontCollection] register font [A P-OTF Ç≠ÇÎÇ‹Çﬂ StdN R]*
[10/07 22:26:32] [INFO] [Media::FontManager::registerFontCollection] register font [A P-OTF ÉÇÉAÉäÉA StdN R]*
[10/07 22:26:32] [INFO] [Media::FontManager::registerFontCollection] register font [A P-OTF ÉÇÉAÉäÉA StdN B]*
[10/07 22:26:32] [INFO] [Media::FontManager::registerFontCollection] register font [Noto Serif ExtCond Thin] 
[10/07 22:26:32] [INFO] [Media::FontManager::registerFontCollection] register font [Noto Serif Thin] 
[10/07 22:26:32] [INFO] [Media::FontManager::registerFontCollection] register font [Noto Serif ExtLt] 
[10/07 22:26:32] [INFO] [Media::FontManager::registerFontCollection] register font [Noto Serif Cond Light] 
[10/07 22:26:32] [INFO] [Media::FontManager::registerFontCollection] register font [Noto Serif SemCond Light] 
[10/07 22:26:32] [INFO] [Media::FontManager::registerFontCollection] register font [Noto Serif ExtCond] 
[10/07 22:26:32] [INFO] [Media::FontManager::registerFontCollection] register font [Noto Serif] 
[10/07 22:26:32] [INFO] [Media::FontManager::registerFontCollection] register font [Noto Serif Cond] 
[10/07 22:26:32] [INFO] [Media::FontManager::registerFontCollection] register font [Noto Serif SemCond Med] 
[10/07 22:26:32] [INFO] [Media::FontManager::registerFontCollection] register font [Noto Serif ExtCond Med] 
[10/07 22:26:32] [INFO] [Media::FontManager::registerFontCollection] register font [Noto Serif Cond Med] 
[10/07 22:26:32] [INFO] [Media::FontManager::registerFontCollection] register font [Noto Serif SemCond SemBd] 
[10/07 22:26:32] [INFO] [Media::FontManager::registerFontCollection] register font [Noto Serif SemBd] 
[10/07 22:26:32] [INFO] [Media::FontManager::registerFontCollection] register font [Noto Serif SemCond] 
[10/07 22:26:32] [INFO] [Media::FontManager::registerFontCollection] register font [Noto Serif ExtBd] 
[10/07 22:26:32] [INFO] [Media::FontManager::registerFontCollection] register font [Noto Serif Cond ExtBd] 
[10/07 22:26:32] [INFO] [Media::FontManager::registerFontCollection] register font [Noto Serif SemCond ExtBd] 
[10/07 22:26:32] [INFO] [Media::FontManager::registerFontCollection] register font [Noto Serif SemCond Blk] 
[10/07 22:26:32] [INFO] [Media::FontManager::registerFontCollection] register font [Noto Serif ExtCond Blk] 
[10/07 22:26:32] [INFO] [Media::FontManager::registerFontCollection] register font [UDêVÉS ïWèÄî…ëÃéö R]*
[10/07 22:26:32] [INFO] [Media::FontManager::registerFontCollection] register font [UDêVÉS ïWèÄî…ëÃéö B]*
[10/07 22:26:32] [INFO] [Media::FontManager::registerFontCollection] register font [MOSuuji H D AJn] 
[10/07 22:26:32] [INFO] [Media::FontManager::registerFontCollection] register font [A-OTF UDêVä€ÉS Pro DB]*
[10/07 22:26:32] [INFO] [Media::FontManager::registerFontCollection] register font [A P-OTF è¨ã’ãûÇ©Ç» StdN R]*
[10/07 22:26:32] [INFO] [Media::FontManager::registerFontCollection] register font [A-OTF ÉÇÉAÉäÉA Std R]*
[10/07 22:26:32] [INFO] [Media::FontManager::registerFontCollection] register font [A-OTF ÉÇÉAÉäÉA Std B]*
[10/07 22:26:32] [INFO] [Media::FontManager::registerFontCollection] register font [A-SK ënãìóñ Min2 E]*
[10/07 22:26:32] [INFO] [Media::FontManager::registerFontCollection] register font [MOSuuji H A JAn] 
[10/07 22:26:32] [INFO] [Media::FontManager::registerFontCollection] register font [A P-OTF UDêVÉSÉRÉìÉf80 Pr6N EL]*
[10/07 22:26:32] [INFO] [Media::FontManager::registerFontCollection] register font [A P-OTF UDêVÉSÉRÉìÉf80 Pr6N L]*
[10/07 22:26:32] [INFO] [Media::FontManager::registerFontCollection] register font [A P-OTF UDêVÉSÉRÉìÉf80 Pr6N R]*
[10/07 22:26:32] [INFO] [Media::FontManager::registerFontCollection] register font [A P-OTF UDêVÉSÉRÉìÉf80 Pr6N M]*
[10/07 22:26:32] [INFO] [Media::FontManager::registerFontCollection] register font [A P-OTF UDêVÉSÉRÉìÉf80 Pr6N B]*
[10/07 22:26:32] [INFO] [Media::FontManager::registerFontCollection] register font [A P-OTF UDêVÉSÉRÉìÉf80 Pr6N H]*
[10/07 22:26:32] [INFO] [Media::FontManager::registerFontCollection] register font [A P-OTF UDêVÉSÉRÉìÉf80 Pr6N U]*
[10/07 22:26:32] [INFO] [Media::FontManager::registerFontCollection] register font [A-OTF UDêVÉSNT Pro DB]*
[10/07 22:26:32] [INFO] [Media::FontManager::registerFontCollection] register font [A-OTF UDêVÉSNT Pr6N L]*
[10/07 22:26:32] [INFO] [Media::FontManager::registerFontCollection] register font [A-OTF UDêVÉSNT Pr6N R]*
[10/07 22:26:32] [INFO] [Media::FontManager::registerFontCollection] register font [A-OTF UDêVÉSNT Pr6N M]*
[10/07 22:26:32] [INFO] [Media::FontManager::registerFontCollection] register font [A-OTF UDêVÉSNT Pr6N B]*
[10/07 22:26:32] [INFO] [Media::FontManager::registerFontCollection] register font [A-OTF UDêVÉSNT Pr6N H]*
[10/07 22:26:32] [INFO] [Media::FontManager::registerFontCollection] register font [A P-OTF åïëM StdN B]*
[10/07 22:26:32] [INFO] [Media::FontManager::registerFontCollection] register font [A-SK ÉtÉ@ÉjÅ[ Min2 D]*
[10/07 22:26:32] [INFO] [Media::FontManager::registerFontCollection] register font [ÉqÉâÉMÉmäpÉS Std W1]*
[10/07 22:26:32] [INFO] [Media::FontManager::registerFontCollection] register font [MO UDêVÉS ä»ëÃéö Gb4 R]*
[10/07 22:26:32] [INFO] [Media::FontManager::registerFontCollection] register font [MO UDêVÉS ä»ëÃéö Gb4 M]*
[10/07 22:26:32] [INFO] [Media::FontManager::registerFontCollection] register font [MO UDêVÉS ä»ëÃéö Gb4 B]*
[10/07 22:26:32] [INFO] [Media::FontManager::registerFontCollection] register font [MOSuuji H A JBn] 
[10/07 22:26:32] [INFO] [Media::FontManager::registerFontCollection] register font [A P-OTF í| StdN L]*
[10/07 22:26:32] [INFO] [Media::FontManager::registerFontCollection] register font [A P-OTF í| StdN M]*
[10/07 22:26:32] [INFO] [Media::FontManager::registerFontCollection] register font [A P-OTF í| StdN B]*
[10/07 22:26:32] [INFO] [Media::FontManager::registerFontCollection] register font [A P-OTF í| StdN H]*
[10/07 22:26:32] [INFO] [Media::FontManager::registerFontCollection] register font [A P-OTF å©èoÉSMB31 Pr6N B]*
[10/07 22:26:32] [INFO] [Media::FontManager::registerFontCollection] register font [A P-OTF å©èoÉSMB1 StdN DB]*
[10/07 22:26:32] [INFO] [Media::FontManager::registerFontCollection] register font [URW DIN Thin] 
[10/07 22:26:32] [INFO] [Media::FontManager::registerFontCollection] register font [URW DIN Light] 
[10/07 22:26:32] [INFO] [Media::FontManager::registerFontCollection] register font [URW DIN] 
[10/07 22:26:32] [INFO] [Media::FontManager::registerFontCollection] register font [URW DIN Medium] 
[10/07 22:26:32] [INFO] [Media::FontManager::registerFontCollection] register font [URW DIN Demi] 
[10/07 22:26:32] [INFO] [Media::FontManager::registerFontCollection] register font [URW DIN Black] 
[10/07 22:26:32] [INFO] [Media::FontManager::registerFontCollection] register font [TBÉGÉRÅ[ Std L]*
[10/07 22:26:32] [INFO] [Media::FontManager::registerFontCollection] register font [TBÉGÉRÅ[ Std R]*
[10/07 22:26:32] [INFO] [Media::FontManager::registerFontCollection] register font [TBÉGÉRÅ[ Std B]*
[10/07 22:26:32] [INFO] [Media::FontManager::registerFontCollection] register font [RoÉiÉEStd-GM]*
[10/07 22:26:32] [INFO] [Media::FontManager::registerFontCollection] register font [Clarimo UD Devanagari] 
[10/07 22:26:32] [INFO] [Media::FontManager::registerFontCollection] register font [Clarimo UD Devanagari Medium] 
[10/07 22:26:32] [INFO] [Media::FontManager::registerFontCollection] register font [Clarimo UD Devanagari DemiBold] 
[10/07 22:26:32] [INFO] [Media::FontManager::registerFontCollection] register font [A P-OTF ÇÕÇπïM StdN R]*
[10/07 22:26:32] [INFO] [Media::FontManager::registerFontCollection] register font [A P-OTF Ç¬Ç‘ÇƒÇÒ Min2 H]*
[10/07 22:26:32] [INFO] [Media::FontManager::registerFontCollection] register font [A P-OTF âÉ~Éì åé StdN R]*
[10/07 22:26:32] [INFO] [Media::FontManager::registerFontCollection] register font [A P-OTF âÉ~Éì åé StdN M]*
[10/07 22:26:32] [INFO] [Media::FontManager::registerFontCollection] register font [A P-OTF âÉ~Éì åé StdN B]*
[10/07 22:26:32] [INFO] [Media::FontManager::registerFontCollection] register font [A P-OTF âÉ~Éì åé StdN H]*
[10/07 22:26:32] [INFO] [Media::FontManager::registerFontCollection] register font [MOSuuji H A IAn] 
[10/07 22:26:32] [INFO] [Media::FontManager::registerFontCollection] register font [A P-OTF ÇÕÇÈÇ–äwâÄ StdN L]*
[10/07 22:26:32] [INFO] [Media::FontManager::registerFontCollection] register font [A P-OTF É^ÉJÉ|ÉbÉL Min R]*
[10/07 22:26:32] [INFO] [Media::FontManager::registerFontCollection] register font [A P-OTF åéâ∫çÅ Min2 B]*
[10/07 22:26:32] [INFO] [Media::FontManager::registerFontCollection] register font [MOSuuji H A IBn] 
[10/07 22:26:32] [INFO] [Media::FontManager::registerFontCollection] register font [DIN 2014 Extra Light] 
[10/07 22:26:32] [INFO] [Media::FontManager::registerFontCollection] register font [DIN 2014 Light] 
[10/07 22:26:32] [INFO] [Media::FontManager::registerFontCollection] register font [DIN 2014] 
[10/07 22:26:32] [INFO] [Media::FontManager::registerFontCollection] register font [DIN 2014 Demi] 
[10/07 22:26:32] [INFO] [Media::FontManager::registerFontCollection] register font [DIN 2014 Bold] 
[10/07 22:26:32] [INFO] [Media::FontManager::registerFontCollection] register font [DIN 2014 Extra Bold] 
[10/07 22:26:32] [INFO] [Media::FontManager::registerFontCollection] register font [ïΩê¨äpÉSÉVÉbÉN Std W3]*
[10/07 22:26:32] [INFO] [Media::FontManager::registerFontCollection] register font [ïΩê¨äpÉSÉVÉbÉN Std W5]*
[10/07 22:26:32] [INFO] [Media::FontManager::registerFontCollection] register font [ïΩê¨äpÉSÉVÉbÉN Std W9]*
[10/07 22:26:32] [INFO] [Media::FontManager::registerFontCollection] register font [MOSuuji H A ICn] 
[10/07 22:26:32] [INFO] [Media::FontManager::registerFontCollection] register font [A-OTF UDêVÉSNT Pr6 L]*
[10/07 22:26:32] [INFO] [Media::FontManager::registerFontCollection] register font [A-OTF UDêVÉSNT Pr6 R]*
[10/07 22:26:32] [INFO] [Media::FontManager::registerFontCollection] register font [A-OTF UDêVÉSNT Pr6 M]*
[10/07 22:26:32] [INFO] [Media::FontManager::registerFontCollection] register font [A-OTF UDêVÉSNT Pr6 B]*
[10/07 22:26:32] [INFO] [Media::FontManager::registerFontCollection] register font [A-OTF UDêVÉSNT Pr6 H]*
[10/07 22:26:32] [INFO] [Media::FontManager::registerFontCollection] register font [A P-OTF ÇÕÇÈÇ©Ç∫ Min2 B]*
[10/07 22:26:32] [INFO] [Media::FontManager::registerFontCollection] register font [A P-OTF É^ÉJÉäÉYÉÄ Min R]*
[10/07 22:26:32] [INFO] [Media::FontManager::registerFontCollection] register font [A P-OTF É^ÉJÉäÉYÉÄ Min M]*
[10/07 22:26:32] [INFO] [Media::FontManager::registerFontCollection] register font [ÉqÉâÉMÉmäpÉS Std W2]*
[10/07 22:26:32] [INFO] [Media::FontManager::registerFontCollection] register font [ÉqÉâÉMÉmäpÉS Std W3]*
[10/07 22:26:32] [INFO] [Media::FontManager::registerFontCollection] register font [ÉqÉâÉMÉmäpÉS Std W6]*
[10/07 22:26:32] [INFO] [Media::FontManager::registerFontCollection] register font [ÉqÉâÉMÉmäpÉS Std W7]*
[10/07 22:26:32] [INFO] [Media::FontManager::registerFontCollection] register font [ÉqÉâÉMÉmäpÉS Std W8]*
[10/07 22:26:32] [INFO] [Media::FontManager::registerFontCollection] register font [ÉqÉâÉMÉmäpÉS Std W9]*
[10/07 22:26:32] [INFO] [Media::FontManager::registerFontCollection] register font [UDÍtÉ~Éì ä»ëÃéö Gb6 L]*
[10/07 22:26:32] [INFO] [Media::FontManager::registerFontCollection] register font [UDÍtÉ~Éì ä»ëÃéö Gb6 R]*
[10/07 22:26:32] [INFO] [Media::FontManager::registerFontCollection] register font [UDÍtÉ~Éì ä»ëÃéö Gb6 M]*
[10/07 22:26:32] [INFO] [Media::FontManager::registerFontCollection] register font [MOSuuji H A IDn] 
[10/07 22:26:32] [INFO] [Media::FontManager::registerFontCollection] register font [MOSuuji H A HAn] 
[10/07 22:26:32] [INFO] [Media::FontManager::registerFontCollection] register font [A-OTF UDêVä€ÉS Pro L]*
[10/07 22:26:32] [INFO] [Media::FontManager::registerFontCollection] register font [A-OTF UDêVä€ÉS Pro R]*
[10/07 22:26:32] [INFO] [Media::FontManager::registerFontCollection] register font [A-OTF UDêVä€ÉS Pro M]*
[10/07 22:26:32] [INFO] [Media::FontManager::registerFontCollection] register font [A-OTF UDêVä€ÉS Pro B]*
[10/07 22:26:32] [INFO] [Media::FontManager::registerFontCollection] register font [A-OTF UDêVä€ÉS Pro H]*
[10/07 22:26:32] [INFO] [Media::FontManager::registerFontCollection] register font [A-OTF í| Std L]*
[10/07 22:26:32] [INFO] [Media::FontManager::registerFontCollection] register font [A-OTF í| Std M]*
[10/07 22:26:32] [INFO] [Media::FontManager::registerFontCollection] register font [A-OTF í| Std B]*
[10/07 22:26:32] [INFO] [Media::FontManager::registerFontCollection] register font [A-OTF í| Std H]*
[10/07 22:26:32] [INFO] [Media::FontManager::registerFontCollection] register font [A P-OTF îíñ≠ StdN L]*
[10/07 22:26:32] [INFO] [Media::FontManager::registerFontCollection] register font [A P-OTF îíñ≠ StdN M]*
[10/07 22:26:32] [INFO] [Media::FontManager::registerFontCollection] register font [A-OTF ä€ÉtÉHÅ[ÉN Pro R]*
[10/07 22:26:32] [INFO] [Media::FontManager::registerFontCollection] register font [A-OTF ä€ÉtÉHÅ[ÉN Pro M]*
[10/07 22:26:32] [INFO] [Media::FontManager::registerFontCollection] register font [A-OTF ä€ÉtÉHÅ[ÉN Pro B]*
[10/07 22:26:32] [INFO] [Media::FontManager::registerFontCollection] register font [A-OTF ä€ÉtÉHÅ[ÉN Pro H]*
[10/07 22:26:32] [INFO] [Media::FontManager::registerFontCollection] register font [MOSuuji H A HBn] 
[10/07 22:26:32] [INFO] [Media::FontManager::registerFontCollection] register font [A-OTF UDêVÉSNT Pro L]*
[10/07 22:26:32] [INFO] [Media::FontManager::registerFontCollection] register font [A-OTF UDêVÉSNT Pro R]*
[10/07 22:26:32] [INFO] [Media::FontManager::registerFontCollection] register font [A-OTF UDêVÉSNT Pro M]*
[10/07 22:26:32] [INFO] [Media::FontManager::registerFontCollection] register font [A-OTF UDêVÉSNT Pro B]*
[10/07 22:26:32] [INFO] [Media::FontManager::registerFontCollection] register font [A-OTF UDêVÉSNT Pro H]*
[10/07 22:26:32] [INFO] [Media::FontManager::registerFontCollection] register font [A-OTF É^ÉJÉnÉìÉh Std DB]*
[10/07 22:26:32] [INFO] [Media::FontManager::registerFontCollection] register font [ì˙óßÇ¬ÇÍÇ√ÇÍÇÆÇ≥ Std R]*
[10/07 22:26:32] [INFO] [Media::FontManager::registerFontCollection] register font [RoÉiÉEStd-MM]*
[10/07 22:26:32] [INFO] [Media::FontManager::registerFontCollection] register font [UDêVÉS ïWèÄî…ëÃéö DB]*
[10/07 22:26:32] [INFO] [Media::FontManager::registerFontCollection] register font [MOSuuji H A HCn] 
[10/07 22:26:32] [INFO] [Media::FontManager::registerFontCollection] register font [MOSuuji H A HDn] 
[10/07 22:26:32] [INFO] [Media::FontManager::registerFontCollection] register font [MOSuuji H A GAn] 
[10/07 22:26:32] [INFO] [Media::FontManager::registerFontCollection] register font [A-OTF UDêVÉSNT Pr6N DB]*
[10/07 22:26:32] [INFO] [Media::FontManager::registerFontCollection] register font [A-OTF UDêVÉS Pr6 L]*
[10/07 22:26:32] [INFO] [Media::FontManager::registerFontCollection] register font [A-OTF UDêVÉS Pr6 R]*
[10/07 22:26:32] [INFO] [Media::FontManager::registerFontCollection] register font [A-OTF UDêVÉS Pr6 M]*
[10/07 22:26:32] [INFO] [Media::FontManager::registerFontCollection] register font [A-OTF UDêVÉS Pr6 B]*
[10/07 22:26:32] [INFO] [Media::FontManager::registerFontCollection] register font [A-OTF UDêVÉS Pr6 H]*
[10/07 22:26:32] [INFO] [Media::FontManager::registerFontCollection] register font [A P-OTF ÉvÉt É|ÉbÉP Min2 M]*
[10/07 22:26:32] [INFO] [Media::FontManager::registerFontCollection] register font [A P-OTF É^ÉJÉäÉYÉÄ Min DB]*
[10/07 22:26:32] [INFO] [Media::FontManager::registerFontCollection] register font [A P-OTF ÉOÉçÉEDisp Min2 Cond H]*
[10/07 22:26:32] [INFO] [Media::FontManager::registerFontCollection] register font [A P-OTF ÉOÉçÉEDisp Min2 H]*
[10/07 22:26:32] [INFO] [Media::FontManager::registerFontCollection] register font [A-SK ÉAÉLÉtÉäÅ[ Min2 DB]*
[10/07 22:26:32] [INFO] [Media::FontManager::registerFontCollection] register font [RoG2ÉTÉìÉZÉäÉtStdN-B]*
[10/07 22:26:32] [INFO] [Media::FontManager::registerFontCollection] register font [RoG2ÉTÉìÉZÉäÉtStdN-U]*
[10/07 22:26:32] [INFO] [Media::FontManager::registerFontCollection] register font [MOSuuji H A HEn] 
[10/07 22:26:32] [INFO] [Media::FontManager::registerFontCollection] register font [MOSuuji H A GBn] 
[10/07 22:26:32] [INFO] [Media::FontManager::registerFontCollection] register font [A-OTF ÉnÉãÉNÉâÉtÉg Std Heavy]*
[10/07 22:26:32] [INFO] [Media::FontManager::registerFontCollection] register font [A P-OTF ìﬂã‘ StdN R]*
[10/07 22:26:32] [INFO] [Media::FontManager::registerFontCollection] register font [A P-OTF ÉLÉÉÉsÅ[N+ ProN L]*
[10/07 22:26:32] [INFO] [Media::FontManager::registerFontCollection] register font [A P-OTF ÉLÉÉÉsÅ[N+ ProN R]*
[10/07 22:26:32] [INFO] [Media::FontManager::registerFontCollection] register font [A P-OTF ÉLÉÉÉsÅ[N+ ProN M]*
[10/07 22:26:32] [INFO] [Media::FontManager::registerFontCollection] register font [A P-OTF ÉLÉÉÉsÅ[N+ ProN B]*
[10/07 22:26:32] [INFO] [Media::FontManager::registerFontCollection] register font [A P-OTF ÉLÉÉÉsÅ[N+ ProN H]*
[10/07 22:26:32] [INFO] [Media::FontManager::registerFontCollection] register font [A P-OTF ÉLÉÉÉsÅ[N+ ProN U]*
[10/07 22:26:32] [INFO] [Media::FontManager::registerFontCollection] register font [è¨íÀÉSÉVÉbÉN Pr6N EL]*
[10/07 22:26:32] [INFO] [Media::FontManager::registerFontCollection] register font [è¨íÀÉSÉVÉbÉN Pr6N L]*
[10/07 22:26:32] [INFO] [Media::FontManager::registerFontCollection] register font [è¨íÀÉSÉVÉbÉN Pr6N R]*
[10/07 22:26:32] [INFO] [Media::FontManager::registerFontCollection] register font [è¨íÀÉSÉVÉbÉN Pr6N M]*
[10/07 22:26:32] [INFO] [Media::FontManager::registerFontCollection] register font [è¨íÀÉSÉVÉbÉN Pr6N B]*
[10/07 22:26:32] [INFO] [Media::FontManager::registerFontCollection] register font [è¨íÀÉSÉVÉbÉN Pr6N H]*
[10/07 22:26:32] [INFO] [Media::FontManager::registerFontCollection] register font [MOSuuji H A HFn] 
[10/07 22:26:32] [INFO] [Media::FontManager::registerFontCollection] register font [MOSuuji H A GCn] 
[10/07 22:26:32] [INFO] [Media::FontManager::registerFontCollection] register font [A-OTF UDêVÉSNT Pr6 DB]*
[10/07 22:26:32] [INFO] [Media::FontManager::registerFontCollection] register font [A P-OTF êVä€ÉS Pr6N L]*
[10/07 22:26:32] [INFO] [Media::FontManager::registerFontCollection] register font [A P-OTF êVä€ÉS Pr6N R]*
[10/07 22:26:32] [INFO] [Media::FontManager::registerFontCollection] register font [A P-OTF êVä€ÉS Pr6N M]*
[10/07 22:26:32] [INFO] [Media::FontManager::registerFontCollection] register font [A P-OTF êVä€ÉS Pr6N B]*
[10/07 22:26:32] [INFO] [Media::FontManager::registerFontCollection] register font [A P-OTF êVä€ÉS Pr6N H]*
[10/07 22:26:32] [INFO] [Media::FontManager::registerFontCollection] register font [A P-OTF êVä€ÉS Pr6N U]*
[10/07 22:26:32] [INFO] [Media::FontManager::registerFontCollection] register font [MOSuuji H A JIn] 
[10/07 22:26:32] [INFO] [Media::FontManager::registerFontCollection] register font [MOSuuji H A HGn] 
[10/07 22:26:32] [INFO] [Media::FontManager::registerFontCollection] register font [MOSuuji H A GDn] 
[10/07 22:26:32] [INFO] [Media::FontManager::registerFontCollection] register font [MOSuuji H A FAn] 
[10/07 22:26:32] [INFO] [Media::FontManager::registerFontCollection] register font [A P-OTF Ç©Ç‡Çﬂó¥í‹ StdN M]*
[10/07 22:26:32] [INFO] [Media::FontManager::registerFontCollection] register font [MOSuuji H C IAn] 
[10/07 22:26:32] [INFO] [Media::FontManager::registerFontCollection] register font [MOSuuji H A JJn] 
[10/07 22:26:32] [INFO] [Media::FontManager::registerFontCollection] register font [MOSuuji H A HHn] 
[10/07 22:26:32] [INFO] [Media::FontManager::registerFontCollection] register font [MOSuuji H A GEn] 
[10/07 22:26:32] [INFO] [Media::FontManager::registerFontCollection] register font [MOSuuji H A FBn] 
[10/07 22:26:32] [INFO] [Media::FontManager::registerFontCollection] register font [A P-OTF É^ÉJÉnÉìÉh StdN DB]*
[10/07 22:26:32] [INFO] [Media::FontManager::registerFontCollection] register font [A P-OTF ÇÕÇπÉgÉbÉ|+ ProN DB]*
[10/07 22:26:32] [INFO] [Media::FontManager::registerFontCollection] register font [MO UDêVÉS ä»ëÃéö Gb4 DB]*
[10/07 22:26:32] [INFO] [Media::FontManager::registerFontCollection] register font [MOSuuji H C IBn] 
[10/07 22:26:32] [INFO] [Media::FontManager::registerFontCollection] register font [MOSuuji H A GFn] 
[10/07 22:26:32] [INFO] [Media::FontManager::registerFontCollection] register font [MOSuuji H A FCn] 
[10/07 22:26:32] [INFO] [Media::FontManager::registerFontCollection] register font [A-OTF UDêVÉSÉRÉìÉf80 Pr6N DB]*
[10/07 22:26:32] [INFO] [Media::FontManager::registerFontCollection] register font [A-OTF ÉäÉÖÉEÉ~Éì Pr6N L-KL] 
[10/07 22:26:32] [INFO] [Media::FontManager::registerFontCollection] register font [A-OTF ÉäÉÖÉEÉ~Éì Pr6N R-KL] 
[10/07 22:26:32] [INFO] [Media::FontManager::registerFontCollection] register font [A-OTF ÉäÉÖÉEÉ~Éì Pr6N M-KL] 
[10/07 22:26:32] [INFO] [Media::FontManager::registerFontCollection] register font [A-OTF ÉäÉÖÉEÉ~Éì Pr6N U-KL] 
[10/07 22:26:32] [INFO] [Media::FontManager::registerFontCollection] register font [A-SK É~ÉìÉJÅ[Éã Min2 H]*
[10/07 22:26:32] [INFO] [Media::FontManager::registerFontCollection] register font [A-SK ÉSÉi Min2 E]*
[10/07 22:26:32] [INFO] [Media::FontManager::registerFontCollection] register font [ÉqÉâÉMÉmäpÉS ä»ëÃíÜï∂ Std W0]*
[10/07 22:26:32] [INFO] [Media::FontManager::registerFontCollection] register font [MO ClearTone SG ExtraLight] 
[10/07 22:26:32] [INFO] [Media::FontManager::registerFontCollection] register font [MO ClearTone SG Light] 
[10/07 22:26:32] [INFO] [Media::FontManager::registerFontCollection] register font [MO ClearTone SG Regular] 
[10/07 22:26:32] [INFO] [Media::FontManager::registerFontCollection] register font [MO ClearTone SG Medium] 
[10/07 22:26:32] [INFO] [Media::FontManager::registerFontCollection] register font [MO ClearTone SG DemiBold] 
[10/07 22:26:32] [INFO] [Media::FontManager::registerFontCollection] register font [MO ClearTone SG Bold] 
[10/07 22:26:32] [INFO] [Media::FontManager::registerFontCollection] register font [MO ClearTone SG Heavy] 
[10/07 22:26:32] [INFO] [Media::FontManager::registerFontCollection] register font [MO ClearTone SG Ultra] 
[10/07 22:26:32] [INFO] [Media::FontManager::registerFontCollection] register font [MOSuuji H C ICn] 
[10/07 22:26:32] [INFO] [Media::FontManager::registerFontCollection] register font [MOSuuji H A GGn] 
[10/07 22:26:32] [INFO] [Media::FontManager::registerFontCollection] register font [MOSuuji H A FDn] 
[10/07 22:26:32] [INFO] [Media::FontManager::registerFontCollection] register font [MOSuuji H A EAn] 
[10/07 22:26:32] [INFO] [Media::FontManager::registerFontCollection] register font [ÉqÉâÉMÉmäpÉS Std W4]*
[10/07 22:26:32] [INFO] [Media::FontManager::registerFontCollection] register font [MOSuuji H C IDn] 
[10/07 22:26:32] [INFO] [Media::FontManager::registerFontCollection] register font [MOSuuji H C HAn] 
[10/07 22:26:32] [INFO] [Media::FontManager::registerFontCollection] register font [MOSuuji H A GHn] 
[10/07 22:26:32] [INFO] [Media::FontManager::registerFontCollection] register font [MOSuuji H A FEn] 
[10/07 22:26:32] [INFO] [Media::FontManager::registerFontCollection] register font [MOSuuji H A EBn] 
[10/07 22:26:32] [INFO] [Media::FontManager::registerFontCollection] register font [A P-OTF êâó¨ÉlÉIÉçÉ}Éì StdN U]*
[10/07 22:26:32] [INFO] [Media::FontManager::registerFontCollection] register font [A P-OTF ä€ÉtÉHÅ[ÉN ProN R]*
[10/07 22:26:32] [INFO] [Media::FontManager::registerFontCollection] register font [A P-OTF ä€ÉtÉHÅ[ÉN ProN M]*
[10/07 22:26:32] [INFO] [Media::FontManager::registerFontCollection] register font [A P-OTF ä€ÉtÉHÅ[ÉN ProN B]*
[10/07 22:26:32] [INFO] [Media::FontManager::registerFontCollection] register font [A P-OTF ä€ÉtÉHÅ[ÉN ProN H]*
[10/07 22:26:32] [INFO] [Media::FontManager::registerFontCollection] register font [MO UDêVÉS ÉnÉìÉOÉã Ko2 DB]*
[10/07 22:26:32] [INFO] [Media::FontManager::registerFontCollection] register font [MOSuuji H C IEn] 
[10/07 22:26:32] [INFO] [Media::FontManager::registerFontCollection] register font [MOSuuji H C HBn] 
[10/07 22:26:32] [INFO] [Media::FontManager::registerFontCollection] register font [MOSuuji H A FFn] 
[10/07 22:26:32] [INFO] [Media::FontManager::registerFontCollection] register font [MOSuuji H A ECn] 
[10/07 22:26:32] [INFO] [Media::FontManager::registerFontCollection] register font [A-OTF âÉ~Éì íà Std R]*
[10/07 22:26:32] [INFO] [Media::FontManager::registerFontCollection] register font [A-OTF âÉ~Éì íà Std M]*
[10/07 22:26:32] [INFO] [Media::FontManager::registerFontCollection] register font [A-OTF âÉ~Éì íà Std B]*
[10/07 22:26:32] [INFO] [Media::FontManager::registerFontCollection] register font [A-OTF âÉ~Éì íà Std H]*
[10/07 22:26:32] [INFO] [Media::FontManager::registerFontCollection] register font [A-OTF ÉtÉHÅ[ÉN Pro R]*
[10/07 22:26:32] [INFO] [Media::FontManager::registerFontCollection] register font [A-OTF ÉtÉHÅ[ÉN Pro M]*
[10/07 22:26:32] [INFO] [Media::FontManager::registerFontCollection] register font [A-OTF ÉtÉHÅ[ÉN Pro B]*
[10/07 22:26:32] [INFO] [Media::FontManager::registerFontCollection] register font [A-OTF ÉtÉHÅ[ÉN Pro H]*
[10/07 22:26:32] [INFO] [Media::FontManager::registerFontCollection] register font [MOSuuji H C IFn] 
[10/07 22:26:32] [INFO] [Media::FontManager::registerFontCollection] register font [MOSuuji H C HCn] 
[10/07 22:26:32] [INFO] [Media::FontManager::registerFontCollection] register font [MOSuuji H C FAn] 
[10/07 22:26:32] [INFO] [Media::FontManager::registerFontCollection] register font [MOSuuji H A HIn] 
[10/07 22:26:32] [INFO] [Media::FontManager::registerFontCollection] register font [MOSuuji H A GJn] 
[10/07 22:26:32] [INFO] [Media::FontManager::registerFontCollection] register font [MOSuuji H A FGn] 
[10/07 22:26:32] [INFO] [Media::FontManager::registerFontCollection] register font [MOSuuji H A EDn] 
[10/07 22:26:32] [INFO] [Media::FontManager::registerFontCollection] register font [MOSuuji H A DAn] 
[10/07 22:26:32] [INFO] [Media::FontManager::registerFontCollection] register font [A P-OTF êâó¨ÉAÉgÉâÉX StdN R]*
[10/07 22:26:32] [INFO] [Media::FontManager::registerFontCollection] register font [A P-OTF êâó¨ÉAÉgÉâÉX StdN M]*
[10/07 22:26:32] [INFO] [Media::FontManager::registerFontCollection] register font [A P-OTF êâó¨ÉAÉgÉâÉX StdN B]*
[10/07 22:26:32] [INFO] [Media::FontManager::registerFontCollection] register font [A P-OTF Ç©Ç‡Çﬂó¥í‹ Std M]*
[10/07 22:26:32] [INFO] [Media::FontManager::registerFontCollection] register font [A-OTF èôñæ Std L]*
[10/07 22:26:32] [INFO] [Media::FontManager::registerFontCollection] register font [A-OTF É^ÉJÉnÉìÉh Std L]*
[10/07 22:26:32] [INFO] [Media::FontManager::registerFontCollection] register font [A-OTF É^ÉJÉnÉìÉh Std M]*
[10/07 22:26:32] [INFO] [Media::FontManager::registerFontCollection] register font [A-OTF É^ÉJÉnÉìÉh Std B]*
[10/07 22:26:32] [INFO] [Media::FontManager::registerFontCollection] register font [A P-OTF ÇŸÇ»Ç›+ ProN EB]*
[10/07 22:26:32] [INFO] [Media::FontManager::registerFontCollection] register font [MOSuuji H C IGn] 
[10/07 22:26:32] [INFO] [Media::FontManager::registerFontCollection] register font [MOSuuji H C HDn] 
[10/07 22:26:32] [INFO] [Media::FontManager::registerFontCollection] register font [MOSuuji H C GAn] 
[10/07 22:26:32] [INFO] [Media::FontManager::registerFontCollection] register font [MOSuuji H A HJn] 
[10/07 22:26:32] [INFO] [Media::FontManager::registerFontCollection] register font [MOSuuji H A FHn] 
[10/07 22:26:32] [INFO] [Media::FontManager::registerFontCollection] register font [MOSuuji H A EEn] 
[10/07 22:26:32] [INFO] [Media::FontManager::registerFontCollection] register font [MOSuuji H A DBn] 
[10/07 22:26:32] [INFO] [Media::FontManager::registerFontCollection] register font [A P-OTF ÉvÉt É}Å[É` Min2 DB]*
[10/07 22:26:32] [INFO] [Media::FontManager::registerFontCollection] register font [A P-OTF ÇÕÇπÉ~Éì Std R]*
[10/07 22:26:32] [INFO] [Media::FontManager::registerFontCollection] register font [A P-OTF ÇÕÇπÉ~Éì Std M]*
[10/07 22:26:32] [INFO] [Media::FontManager::registerFontCollection] register font [A P-OTF ÇÕÇπÉ~Éì Std B]*
[10/07 22:26:32] [INFO] [Media::FontManager::registerFontCollection] register font [ÉqÉâÉMÉmäpÉS ä»ëÃíÜï∂ Std W1]*
[10/07 22:26:32] [INFO] [Media::FontManager::registerFontCollection] register font [MOSuuji H C HEn] 
[10/07 22:26:32] [INFO] [Media::FontManager::registerFontCollection] register font [MOSuuji H A FIn] 
[10/07 22:26:32] [INFO] [Media::FontManager::registerFontCollection] register font [MOSuuji H A EFn] 
[10/07 22:26:32] [INFO] [Media::FontManager::registerFontCollection] register font [MOSuuji H A DCn] 
[10/07 22:26:32] [INFO] [Media::FontManager::registerFontCollection] register font [A P-OTF èôñæ StdN L]*
[10/07 22:26:32] [INFO] [Media::FontManager::registerFontCollection] register font [A P-OTF É^ÉJÉnÉìÉh StdN L]*
[10/07 22:26:32] [INFO] [Media::FontManager::registerFontCollection] register font [A P-OTF É^ÉJÉnÉìÉh StdN M]*
[10/07 22:26:32] [INFO] [Media::FontManager::registerFontCollection] register font [A P-OTF É^ÉJÉnÉìÉh StdN B]*
[10/07 22:26:32] [INFO] [Media::FontManager::registerFontCollection] register font [A P-OTF ÉVÉlÉ}ÉåÉ^Å[ StdN L]*
[10/07 22:26:32] [INFO] [Media::FontManager::registerFontCollection] register font [A P-OTF ÉSÉVÉbÉNMB101 Pr6N L]*
[10/07 22:26:32] [INFO] [Media::FontManager::registerFontCollection] register font [A P-OTF ÉSÉVÉbÉNMB101 Pr6N R]*
[10/07 22:26:32] [INFO] [Media::FontManager::registerFontCollection] register font [A P-OTF ÉSÉVÉbÉNMB101 Pr6N M]*
[10/07 22:26:32] [INFO] [Media::FontManager::registerFontCollection] register font [A P-OTF ÉSÉVÉbÉNMB101 Pr6N B]*
[10/07 22:26:32] [INFO] [Media::FontManager::registerFontCollection] register font [A P-OTF ÉSÉVÉbÉNMB101 Pr6N H]*
[10/07 22:26:32] [INFO] [Media::FontManager::registerFontCollection] register font [A P-OTF ÉSÉVÉbÉNMB101 Pr6N U]*
[10/07 22:26:32] [INFO] [Media::FontManager::registerFontCollection] register font [A P-OTF ÇÕÇπÉgÉbÉ|+ ProN L]*
[10/07 22:26:32] [INFO] [Media::FontManager::registerFontCollection] register font [A P-OTF ÇÕÇπÉgÉbÉ|+ ProN R]*
[10/07 22:26:32] [INFO] [Media::FontManager::registerFontCollection] register font [A P-OTF ÇÕÇπÉgÉbÉ|+ ProN M]*
[10/07 22:26:32] [INFO] [Media::FontManager::registerFontCollection] register font [A P-OTF ÇÕÇπÉgÉbÉ|+ ProN B]*
[10/07 22:26:32] [INFO] [Media::FontManager::registerFontCollection] register font [A P-OTF ÇÕÇπÉgÉbÉ|+ ProN H]*
[10/07 22:26:32] [INFO] [Media::FontManager::registerFontCollection] register font [A P-OTF ÇÕÇπÉgÉbÉ|+ ProN U]*
[10/07 22:26:32] [INFO] [Media::FontManager::registerFontCollection] register font [ÉqÉâÉMÉmäpÉS Std W5]*
[10/07 22:26:32] [INFO] [Media::FontManager::registerFontCollection] register font [TBê‘ÇÃÉAÉäÉX Min2 B]*
[10/07 22:26:32] [INFO] [Media::FontManager::registerFontCollection] register font [UDÍtÉ~Éì ä»ëÃéö Gb6 B]*
[10/07 22:26:32] [INFO] [Media::FontManager::registerFontCollection] register font [MOSuuji H C HFn] 
[10/07 22:26:32] [INFO] [Media::FontManager::registerFontCollection] register font [MOSuuji H C EAn] 
[10/07 22:26:32] [INFO] [Media::FontManager::registerFontCollection] register font [MOSuuji H A FJn] 
[10/07 22:26:32] [INFO] [Media::FontManager::registerFontCollection] register font [MOSuuji H A EGn] 
[10/07 22:26:32] [INFO] [Media::FontManager::registerFontCollection] register font [MOSuuji H A DDn] 
[10/07 22:26:32] [INFO] [Media::FontManager::registerFontCollection] register font [MOSuuji H A CAn] 
[10/07 22:26:32] [INFO] [Media::FontManager::registerFontCollection] register font [A P-OTF Ç∑Ç∏ÇﬁÇµ StdN M]*
[10/07 22:26:32] [INFO] [Media::FontManager::registerFontCollection] register font [A-OTF ÉgÅ[ÉLÉìÉO Std R]*
[10/07 22:26:32] [INFO] [Media::FontManager::registerFontCollection] register font [A P-OTF ÇÁÇÁÇ€Ç¡Ç’+ ProN L]*
[10/07 22:26:32] [INFO] [Media::FontManager::registerFontCollection] register font [A P-OTF ÇÁÇÁÇ€Ç¡Ç’+ ProN R]*
[10/07 22:26:32] [INFO] [Media::FontManager::registerFontCollection] register font [A P-OTF ÇÁÇÁÇ€Ç¡Ç’+ ProN M]*
[10/07 22:26:32] [INFO] [Media::FontManager::registerFontCollection] register font [A P-OTF ÇÁÇÁÇ€Ç¡Ç’+ ProN B]*
[10/07 22:26:32] [INFO] [Media::FontManager::registerFontCollection] register font [A P-OTF ÇÁÇÁÇ€Ç¡Ç’+ ProN H]*
[10/07 22:26:32] [INFO] [Media::FontManager::registerFontCollection] register font [A P-OTF ÇÁÇÁÇ€Ç¡Ç’+ ProN U]*
[10/07 22:26:32] [INFO] [Media::FontManager::registerFontCollection] register font [MOSuuji H C HGn] 
[10/07 22:26:32] [INFO] [Media::FontManager::registerFontCollection] register font [MOSuuji H C EBn] 
[10/07 22:26:32] [INFO] [Media::FontManager::registerFontCollection] register font [MOSuuji H A EHn] 
[10/07 22:26:32] [INFO] [Media::FontManager::registerFontCollection] register font [MOSuuji H A DEn] 
[10/07 22:26:32] [INFO] [Media::FontManager::registerFontCollection] register font [MOSuuji H A CBn] 
[10/07 22:26:32] [INFO] [Media::FontManager::registerFontCollection] register font [A-OTF ÉäÉÖÉEÉ~Éì Pr6N EB-KL]*
[10/07 22:26:32] [INFO] [Media::FontManager::registerFontCollection] register font [MOSuuji H C HHn] 
[10/07 22:26:32] [INFO] [Media::FontManager::registerFontCollection] register font [MOSuuji H C FBn] 
[10/07 22:26:32] [INFO] [Media::FontManager::registerFontCollection] register font [MOSuuji H C ECn] 
[10/07 22:26:32] [INFO] [Media::FontManager::registerFontCollection] register font [MOSuuji H A EIn] 
[10/07 22:26:32] [INFO] [Media::FontManager::registerFontCollection] register font [MOSuuji H A DFn] 
[10/07 22:26:32] [INFO] [Media::FontManager::registerFontCollection] register font [MOSuuji H A CCn] 
[10/07 22:26:32] [INFO] [Media::FontManager::registerFontCollection] register font [A P-OTF Ç›ÇøÇ≠Ç≥ StdN R]*
[10/07 22:26:32] [INFO] [Media::FontManager::registerFontCollection] register font [A P-OTF É^ÉJïóëæ Min2 B]*
[10/07 22:26:32] [INFO] [Media::FontManager::registerFontCollection] register font [A-OTF É^ÉJÉ|ÉbÉL Min R]*
[10/07 22:26:32] [INFO] [Media::FontManager::registerFontCollection] register font [A_KSO ózâä]*
[10/07 22:26:32] [INFO] [Media::FontManager::registerFontCollection] register font [MOSuuji H C HIn] 
[10/07 22:26:32] [INFO] [Media::FontManager::registerFontCollection] register font [MOSuuji H C DAn] 
[10/07 22:26:32] [INFO] [Media::FontManager::registerFontCollection] register font [MOSuuji H A EJn] 
[10/07 22:26:32] [INFO] [Media::FontManager::registerFontCollection] register font [MOSuuji H A DGn] 
[10/07 22:26:32] [INFO] [Media::FontManager::registerFontCollection] register font [MOSuuji H A CDn] 
[10/07 22:26:32] [INFO] [Media::FontManager::registerFontCollection] register font [ÉqÉâÉMÉmäpÉS ä»ëÃíÜï∂ Std W2]*
[10/07 22:26:32] [INFO] [Media::FontManager::registerFontCollection] register font [ÉqÉâÉMÉmäpÉS ä»ëÃíÜï∂ Std W3]*
[10/07 22:26:32] [INFO] [Media::FontManager::registerFontCollection] register font [ÉqÉâÉMÉmäpÉS ä»ëÃíÜï∂ Std W4]*
[10/07 22:26:32] [INFO] [Media::FontManager::registerFontCollection] register font [ÉqÉâÉMÉmäpÉS ä»ëÃíÜï∂ Std W6]*
[10/07 22:26:32] [INFO] [Media::FontManager::registerFontCollection] register font [MOSuuji H C HJn] 
[10/07 22:26:32] [INFO] [Media::FontManager::registerFontCollection] register font [MOSuuji H C DBn] 
[10/07 22:26:32] [INFO] [Media::FontManager::registerFontCollection] register font [MOSuuji H A DHn] 
[10/07 22:26:32] [INFO] [Media::FontManager::registerFontCollection] register font [MOSuuji H A CEn] 
[10/07 22:26:32] [INFO] [Media::FontManager::registerFontCollection] register font [A-OTF É^ÉJÉäÉYÉÄ Min DB]*
[10/07 22:26:32] [INFO] [Media::FontManager::registerFontCollection] register font [A P-OTF êâó¨ÉfÉRÉçÉ}Éì StdN U]*
[10/07 22:26:32] [INFO] [Media::FontManager::registerFontCollection] register font [MOSuuji H C DCn] 
[10/07 22:26:32] [INFO] [Media::FontManager::registerFontCollection] register font [MOSuuji H A DIn] 
[10/07 22:26:32] [INFO] [Media::FontManager::registerFontCollection] register font [MOSuuji H A CFn] 
[10/07 22:26:32] [INFO] [Media::FontManager::registerFontCollection] register font [MOSuuji H A BCn] 
[10/07 22:26:32] [INFO] [Media::FontManager::registerFontCollection] register font [A P-OTF ÇøÇ≥Ç´ Min2 B]*
[10/07 22:26:32] [INFO] [Media::FontManager::registerFontCollection] register font [A P-OTF ÉOÉçÉEBlack Min2 H] 
[10/07 22:26:32] [INFO] [Media::FontManager::registerFontCollection] register font [MOSuuji H C DDn] 
[10/07 22:26:32] [INFO] [Media::FontManager::registerFontCollection] register font [MOSuuji H A DJn] 
[10/07 22:26:32] [INFO] [Media::FontManager::registerFontCollection] register font [MOSuuji H A CGn] 
[10/07 22:26:32] [INFO] [Media::FontManager::registerFontCollection] register font [MOSuuji H A BDn] 
[10/07 22:26:32] [INFO] [Media::FontManager::registerFontCollection] register font [A P-OTF ÉtÉHÅ[ÉN ProN R]*
[10/07 22:26:32] [INFO] [Media::FontManager::registerFontCollection] register font [A P-OTF ÉtÉHÅ[ÉN ProN M]*
[10/07 22:26:32] [INFO] [Media::FontManager::registerFontCollection] register font [A P-OTF ÉtÉHÅ[ÉN ProN B]*
[10/07 22:26:32] [INFO] [Media::FontManager::registerFontCollection] register font [A P-OTF ÉtÉHÅ[ÉN ProN H]*
[10/07 22:26:32] [INFO] [Media::FontManager::registerFontCollection] register font [A P-OTF ÇÁÇÁÇ€Ç¡Ç’+ ProN DB]*
[10/07 22:26:32] [INFO] [Media::FontManager::registerFontCollection] register font [A-SK ÉCÉ_ÉVÉF Min2 U]*
[10/07 22:26:32] [INFO] [Media::FontManager::registerFontCollection] register font [MOSuuji H C EDn] 
[10/07 22:26:32] [INFO] [Media::FontManager::registerFontCollection] register font [MOSuuji H C DEn] 
[10/07 22:26:32] [INFO] [Media::FontManager::registerFontCollection] register font [MOSuuji H A CHn] 
[10/07 22:26:32] [INFO] [Media::FontManager::registerFontCollection] register font [MOSuuji H A BEn] 
[10/07 22:26:32] [INFO] [Media::FontManager::registerFontCollection] register font [MOSuuji H A ABn] 
[10/07 22:26:32] [INFO] [Media::FontManager::registerFontCollection] register font [A-SK ÉCÉiÉuÉâÉVÉÖ Min2 H]*
[10/07 22:26:32] [INFO] [Media::FontManager::registerFontCollection] register font [MOSuuji H C EEn] 
[10/07 22:26:32] [INFO] [Media::FontManager::registerFontCollection] register font [MOSuuji H A CIn] 
[10/07 22:26:32] [INFO] [Media::FontManager::registerFontCollection] register font [MOSuuji H A BFn] 
[10/07 22:26:32] [INFO] [Media::FontManager::registerFontCollection] register font [MOSuuji H A ACn] 
[10/07 22:26:32] [INFO] [Media::FontManager::registerFontCollection] register font [A P-OTF UDêVÉSNT Pr6N EL]*
[10/07 22:26:32] [INFO] [Media::FontManager::registerFontCollection] register font [A P-OTF UDêVÉSNT Pr6N L]*
[10/07 22:26:32] [INFO] [Media::FontManager::registerFontCollection] register font [A P-OTF UDêVÉSNT Pr6N R]*
[10/07 22:26:32] [INFO] [Media::FontManager::registerFontCollection] register font [A P-OTF UDêVÉSNT Pr6N M]*
[10/07 22:26:32] [INFO] [Media::FontManager::registerFontCollection] register font [A P-OTF UDêVÉSNT Pr6N B]*
[10/07 22:26:32] [INFO] [Media::FontManager::registerFontCollection] register font [A P-OTF UDêVÉSNT Pr6N H]*
[10/07 22:26:32] [INFO] [Media::FontManager::registerFontCollection] register font [A P-OTF UDêVÉSNT Pr6N U]*
[10/07 22:26:32] [INFO] [Media::FontManager::registerFontCollection] register font [A P-OTF êüåé Min2 R]*
[10/07 22:26:32] [INFO] [Media::FontManager::registerFontCollection] register font [A-OTF ÉgÉìÉlÉã Min ëæê¸]*
[10/07 22:26:32] [INFO] [Media::FontManager::registerFontCollection] register font [A P-OTF ÇŸÇ»Ç›+ ProN B]*
[10/07 22:26:32] [INFO] [Media::FontManager::registerFontCollection] register font [A P-OTF ÇÕÇπÉ~Éì StdN R]*
[10/07 22:26:32] [INFO] [Media::FontManager::registerFontCollection] register font [A P-OTF ÇÕÇπÉ~Éì StdN M]*
[10/07 22:26:32] [INFO] [Media::FontManager::registerFontCollection] register font [A P-OTF ÇÕÇπÉ~Éì StdN B]*
[10/07 22:26:32] [INFO] [Media::FontManager::registerFontCollection] register font [A-OTF ÉäÉÖÉEÉ~Éì Pr6N H-KL]*
[10/07 22:26:32] [INFO] [Media::FontManager::registerFontCollection] register font [AR UDJingXiHeiPE1G30 MD] 
[10/07 22:26:32] [INFO] [Media::FontManager::registerFontCollection] register font [AR UDJingXiHeiPE1G30 DB] 
[10/07 22:26:32] [INFO] [Media::FontManager::registerFontCollection] register font [AR UDJingXiHeiPE1G30 BD] 
[10/07 22:26:32] [INFO] [Media::FontManager::registerFontCollection] register font [AR UDJingXiHeiPE1G30 EB] 
[10/07 22:26:32] [INFO] [Media::FontManager::registerFontCollection] register font [AR UDJingXiHeiPE1G30 HV] 
[10/07 22:26:32] [INFO] [Media::FontManager::registerFontCollection] register font [MOSuuji H C EFn] 
[10/07 22:26:32] [INFO] [Media::FontManager::registerFontCollection] register font [MOSuuji H C BAn] 
[10/07 22:26:32] [INFO] [Media::FontManager::registerFontCollection] register font [MOSuuji H A CJn] 
[10/07 22:26:32] [INFO] [Media::FontManager::registerFontCollection] register font [MOSuuji H A BGn] 
[10/07 22:26:32] [INFO] [Media::FontManager::registerFontCollection] register font [MOSuuji H A ADn] 
[10/07 22:26:32] [INFO] [Media::FontManager::registerFontCollection] register font [Roboto Mono] 
[10/07 22:26:32] [INFO] [Media::FontManager::registerFontCollection] register font [Roboto Mono Medium] 
[10/07 22:26:32] [INFO] [Media::FontManager::registerFontCollection] register font [AR UDJingXiHeiE1GB LT] 
[10/07 22:26:32] [INFO] [Media::FontManager::registerFontCollection] register font [MOSuuji H C EGn] 
[10/07 22:26:32] [INFO] [Media::FontManager::registerFontCollection] register font [MOSuuji H C BBn] 
[10/07 22:26:32] [INFO] [Media::FontManager::registerFontCollection] register font [MOSuuji H A BHn] 
[10/07 22:26:32] [INFO] [Media::FontManager::registerFontCollection] register font [MOSuuji H A AEn] 
[10/07 22:26:32] [INFO] [Media::FontManager::registerFontCollection] register font [A P-OTF Ç€Ç¡ÇƒÇË Min2 L]*
[10/07 22:26:32] [INFO] [Media::FontManager::registerFontCollection] register font [A P-OTF Ç€Ç¡ÇƒÇË Min2 R]*
[10/07 22:26:32] [INFO] [Media::FontManager::registerFontCollection] register font [A P-OTF Ç€Ç¡ÇƒÇË Min2 M]*
[10/07 22:26:32] [INFO] [Media::FontManager::registerFontCollection] register font [A P-OTF Ç€Ç¡ÇƒÇË Min2 B]*
[10/07 22:26:32] [INFO] [Media::FontManager::registerFontCollection] register font [MOSuuji H C EHn] 
[10/07 22:26:32] [INFO] [Media::FontManager::registerFontCollection] register font [MOSuuji H C BCn] 
[10/07 22:26:32] [INFO] [Media::FontManager::registerFontCollection] register font [MOSuuji H A BIn] 
[10/07 22:26:32] [INFO] [Media::FontManager::registerFontCollection] register font [MOSuuji H A AFn] 
[10/07 22:26:32] [INFO] [Media::FontManager::registerFontCollection] register font [A P-OTF ñæêŒ StdN L]*
[10/07 22:26:32] [INFO] [Media::FontManager::registerFontCollection] register font [Clarimo UD ThaiModern Light] 
[10/07 22:26:32] [INFO] [Media::FontManager::registerFontCollection] register font [Clarimo UD ThaiModern] 
[10/07 22:26:32] [INFO] [Media::FontManager::registerFontCollection] register font [Clarimo UD ThaiModern Medium] 
[10/07 22:26:32] [INFO] [Media::FontManager::registerFontCollection] register font [Clarimo UD ThaiModern DemiBold] 
[10/07 22:26:32] [INFO] [Media::FontManager::registerFontCollection] register font [Clarimo UD Arabic] 
[10/07 22:26:32] [INFO] [Media::FontManager::registerFontCollection] register font [Clarimo UD Arabic Medium] 
[10/07 22:26:32] [INFO] [Media::FontManager::registerFontCollection] register font [Clarimo UD Arabic DemiBold] 
[10/07 22:26:32] [INFO] [Media::FontManager::registerFontCollection] register font [MOSuuji H C EIn] 
[10/07 22:26:32] [INFO] [Media::FontManager::registerFontCollection] register font [MOSuuji H C DFn] 
[10/07 22:26:32] [INFO] [Media::FontManager::registerFontCollection] register font [MOSuuji H C BDn] 
[10/07 22:26:32] [INFO] [Media::FontManager::registerFontCollection] register font [MOSuuji H C AAn] 
[10/07 22:26:32] [INFO] [Media::FontManager::registerFontCollection] register font [MOSuuji H A BJn] 
[10/07 22:26:32] [INFO] [Media::FontManager::registerFontCollection] register font [MOSuuji H A AGn] 
[10/07 22:26:32] [INFO] [Media::FontManager::registerFontCollection] register font [A P-OTF ÉgÉìÉlÉã Min ëæê¸]*
[10/07 22:26:32] [INFO] [Media::FontManager::registerFontCollection] register font [A P-OTF Ç›ÇøÇ≠Ç≥ Std R]*
[10/07 22:26:32] [INFO] [Media::FontManager::registerFontCollection] register font [A P-OTF ÉSÉVÉbÉNMB101 Pr6N DB]*
[10/07 22:26:32] [INFO] [Media::FontManager::registerFontCollection] register font [RoÉTÉìStd-B]*
[10/07 22:26:32] [INFO] [Media::FontManager::registerFontCollection] register font [MOSuuji H C EJn] 
[10/07 22:26:32] [INFO] [Media::FontManager::registerFontCollection] register font [MOSuuji H C DGn] 
[10/07 22:26:32] [INFO] [Media::FontManager::registerFontCollection] register font [MOSuuji H C ABn] 
[10/07 22:26:32] [INFO] [Media::FontManager::registerFontCollection] register font [MOSuuji H A AHn] 
[10/07 22:26:32] [INFO] [Media::FontManager::registerFontCollection] register font [A P-OTF ÇŸÇ»Ç›+ ProN L]*
[10/07 22:26:32] [INFO] [Media::FontManager::registerFontCollection] register font [A P-OTF ÇŸÇ»Ç›+ ProN R]*
[10/07 22:26:32] [INFO] [Media::FontManager::registerFontCollection] register font [A P-OTF ÇŸÇ»Ç›+ ProN M]*
[10/07 22:26:32] [INFO] [Media::FontManager::registerFontCollection] register font [A P-OTF ÇŸÇ»Ç›+ ProN U]*
[10/07 22:26:32] [INFO] [Media::FontManager::registerFontCollection] register font [A-OTF êVÉS Pr6N DB]*
[10/07 22:26:32] [INFO] [Media::FontManager::registerFontCollection] register font [MOSuuji H C DHn] 
[10/07 22:26:32] [INFO] [Media::FontManager::registerFontCollection] register font [MOSuuji H C ACn] 
[10/07 22:26:32] [INFO] [Media::FontManager::registerFontCollection] register font [A P-OTF UDêVÉS Pr6N EL]*
[10/07 22:26:32] [INFO] [Media::FontManager::registerFontCollection] register font [A P-OTF UDêVÉS Pr6N L]*
[10/07 22:26:32] [INFO] [Media::FontManager::registerFontCollection] register font [A P-OTF UDêVÉS Pr6N R]*
[10/07 22:26:32] [INFO] [Media::FontManager::registerFontCollection] register font [A P-OTF UDêVÉS Pr6N M]*
[10/07 22:26:32] [INFO] [Media::FontManager::registerFontCollection] register font [A P-OTF UDêVÉS Pr6N B]*
[10/07 22:26:32] [INFO] [Media::FontManager::registerFontCollection] register font [A P-OTF UDêVÉS Pr6N H]*
[10/07 22:26:32] [INFO] [Media::FontManager::registerFontCollection] register font [A P-OTF UDêVÉS Pr6N U]*
[10/07 22:26:32] [INFO] [Media::FontManager::registerFontCollection] register font [MOSuuji H C ADn] 
[10/07 22:26:32] [INFO] [Media::FontManager::registerFontCollection] register font [A-OTF É^ÉJÉäÉYÉÄ Min R]*
[10/07 22:26:32] [INFO] [Media::FontManager::registerFontCollection] register font [A-OTF É^ÉJÉäÉYÉÄ Min M]*
[10/07 22:26:32] [INFO] [Media::FontManager::registerFontCollection] register font [Ç±Ç‘ÇËÇ»ÉSÉVÉbÉN Std W0]*
[10/07 22:26:32] [INFO] [Media::FontManager::registerFontCollection] register font [MOSuuji H C DJn] 
[10/07 22:26:32] [INFO] [Media::FontManager::registerFontCollection] register font [MOSuuji H C AEn] 
[10/07 22:26:32] [INFO] [Media::FontManager::registerFontCollection] register font [A P-OTF ÉCÉJÉdÉ` StdN B]*
[10/07 22:26:32] [INFO] [Media::FontManager::registerFontCollection] register font [A P-OTF ëæÉSB101 Pr6N M]*
[10/07 22:26:32] [INFO] [Media::FontManager::registerFontCollection] register font [MOSuuji H C AFn] 
[10/07 22:26:32] [INFO] [Media::FontManager::registerFontCollection] register font [A P-OTF Ç≠Ç‡Ç‚Ç∂ StdN R]*
[10/07 22:26:32] [INFO] [Media::FontManager::registerFontCollection] register font [A-OTF ñæêŒ Std L]*
[10/07 22:26:32] [INFO] [Media::FontManager::registerFontCollection] register font [A-SK ÉSÉiÉâÉCÉì Min2 U]*
[10/07 22:26:32] [INFO] [Media::FontManager::registerFontCollection] register font [MOSuuji H C AGn] 
[10/07 22:26:32] [INFO] [Media::FontManager::registerFontCollection] register font [A P-OTF UDêVÉS Pr6N DB]*
[10/07 22:26:32] [INFO] [Media::FontManager::registerFontCollection] register font [A-OTF Ç∑Ç∏ÇﬁÇµ Std M]*
[10/07 22:26:32] [INFO] [Media::FontManager::registerFontCollection] register font [A P-OTF ñûïüä€ Min2 U]*
[10/07 22:26:32] [INFO] [Media::FontManager::registerFontCollection] register font [ÉqÉâÉMÉmäpÉS ä»ëÃíÜï∂ Std W5]*
[10/07 22:26:32] [INFO] [Media::FontManager::registerFontCollection] register font [TBÉIÅ[Éu Std R]*
[10/07 22:26:32] [INFO] [Media::FontManager::registerFontCollection] register font [MOSuuji H C AHn] 
[10/07 22:26:32] [INFO] [Media::FontManager::registerFontCollection] register font [A P-OTF ÇÕÇπïM Std R]*
[10/07 22:26:32] [INFO] [Media::FontManager::registerFontCollection] register font [AR UDJingXiHeiE1GB DBL] 
[10/07 22:26:32] [INFO] [Media::FontManager::registerFontCollection] register font [MOSuuji H C AIn] 
[10/07 22:26:32] [INFO] [Media::FontManager::registerFontCollection] register font [A P-OTF UDêVÉSNT Pr6N DB]*
[10/07 22:26:32] [INFO] [Media::FontManager::registerFontCollection] register font [A-OTF Ç≠Ç‡Ç‚Ç∂ Std R]*
[10/07 22:26:32] [INFO] [Media::FontManager::registerFontCollection] register font [RoÉiÉEStd-GU]*
[10/07 22:26:32] [INFO] [Media::FontManager::registerFontCollection] register font [A-SK ÉiÉJÉ~ÉìÉ_ Min2 B-S] 
[10/07 22:26:32] [INFO] [Media::FontManager::registerFontCollection] register font [MOSuuji H E AAn] 
[10/07 22:26:32] [INFO] [Media::FontManager::registerFontCollection] register font [A P-OTF É{ÉãÉNÉçÉCÉh Min2 U]*
[10/07 22:26:32] [INFO] [Media::FontManager::registerFontCollection] register font [AR UDJingXiHeiE1B5HK LT] 
[10/07 22:26:32] [INFO] [Media::FontManager::registerFontCollection] register font [AR UDJingXiHeiE1B5HK MD] 
[10/07 22:26:32] [INFO] [Media::FontManager::registerFontCollection] register font [AR UDJingXiHeiE1B5HK DB] 
[10/07 22:26:32] [INFO] [Media::FontManager::registerFontCollection] register font [AR UDJingXiHeiE1B5HK BD] 
[10/07 22:26:32] [INFO] [Media::FontManager::registerFontCollection] register font [AR UDJingXiHeiE1B5HK EB] 
[10/07 22:26:32] [INFO] [Media::FontManager::registerFontCollection] register font [AR UDJingXiHeiE1B5HK HV] 
[10/07 22:26:32] [INFO] [Media::FontManager::registerFontCollection] register font [MOSuuji H E ABn] 
[10/07 22:26:32] [INFO] [Media::FontManager::registerFontCollection] register font [AB-roman]*
[10/07 22:26:32] [INFO] [Media::FontManager::registerFontCollection] register font [TBÉIÉY Min2 B]*
[10/07 22:26:32] [INFO] [Media::FontManager::registerFontCollection] register font [RoÉTÉìStd-M]*
[10/07 22:26:32] [INFO] [Media::FontManager::registerFontCollection] register font [MOSuuji H E ACn] 
[10/07 22:26:32] [INFO] [Media::FontManager::registerFontCollection] register font [A P-OTF ÉvÉt ÉèÉìÉ_Å[ Min2 H]*
[10/07 22:26:32] [INFO] [Media::FontManager::registerFontCollection] register font [A P-OTF ÉOÉçÉEText Min2 Cond R]*
[10/07 22:26:32] [INFO] [Media::FontManager::registerFontCollection] register font [A P-OTF ÉOÉçÉEText Min2 R]*
[10/07 22:26:32] [INFO] [Media::FontManager::registerFontCollection] register font [A P-OTF ÉOÉçÉEText Min2 B]*
[10/07 22:26:32] [INFO] [Media::FontManager::registerFontCollection] register font [AR UDJingXiHeiPE1B5HK MD] 
[10/07 22:26:32] [INFO] [Media::FontManager::registerFontCollection] register font [AR UDJingXiHeiPE1B5HK DB] 
[10/07 22:26:32] [INFO] [Media::FontManager::registerFontCollection] register font [AR UDJingXiHeiPE1B5HK BD] 
[10/07 22:26:32] [INFO] [Media::FontManager::registerFontCollection] register font [AR UDJingXiHeiPE1B5HK EB] 
[10/07 22:26:32] [INFO] [Media::FontManager::registerFontCollection] register font [AR UDJingXiHeiPE1B5HK HV] 
[10/07 22:26:32] [INFO] [Media::FontManager::registerFontCollection] register font [A P-OTF UDêVÉSÉRÉìÉf80 Pr6N DB]*
[10/07 22:26:32] [INFO] [Media::FontManager::registerFontCollection] register font [A P-OTF Ç∞ÇÒÇÎÇ≠éuà¿ StdN M]*
[10/07 22:26:32] [INFO] [Media::FontManager::registerFontCollection] register font [A-OTF ÉäÉÖÉEÉ~Éì Pr6N EH-KL]*
[10/07 22:26:32] [INFO] [Media::FontManager::registerFontCollection] register font [RoÉiÉEStd-GB]*
[10/07 22:26:32] [INFO] [Media::FontManager::registerFontCollection] register font [A-SK ÉSÅ[ÉVÉÉ Min2 E]*
[10/07 22:26:32] [INFO] [Media::FontManager::registerFontCollection] register font [RoÉiÉEStd-MU]*
[10/07 22:26:32] [INFO] [Media::FontManager::registerFontCollection] register font [A P-OTF ÉnÉãÉNÉâÉtÉg StdN H]*
[10/07 22:26:32] [INFO] [Media::FontManager::registerFontCollection] register font [UDÍtÉ~Éì ä»ëÃéö Gb6 H]*
[10/07 22:26:32] [INFO] [Media::FontManager::registerFontCollection] register font [A P-OTF ÉvÉt ÉTÉèÅ[ Min2 B]*
[10/07 22:26:32] [INFO] [Media::FontManager::registerFontCollection] register font [A-OTF ÉvÉäÉeÉBÅ[ìç Std Bold]*
[10/07 22:26:32] [INFO] [Media::FontManager::registerFontCollection] register font [A-SK ÉiÉJÉSÇµÇ·ÇÍ Min2 U]*
[10/07 22:26:32] [INFO] [Media::FontManager::registerFontCollection] register font [RoÉTÉìStd-E]*
[10/07 22:26:32] [INFO] [Media::FontManager::registerFontCollection] register font [A-OTF êVä€ÉS Pr6N DB]*
[10/07 22:26:32] [INFO] [Media::FontManager::registerFontCollection] register font [A_KSO çïó¥]*
[10/07 22:26:32] [INFO] [Media::FontManager::registerFontCollection] register font [MO Rubberblade] 
[10/07 22:26:32] [INFO] [Media::FontManager::registerFontCollection] register font [A P-OTF Ç§ÇΩÇÊÇ› StdN M]*
[10/07 22:26:32] [INFO] [Media::FontManager::registerFontCollection] register font [A-SK ÉXÅ[ÉVÉÉ Min2 H]*
[10/07 22:26:32] [INFO] [Media::FontManager::registerFontCollection] register font [RoÉiÉEStd-MB]*
[10/07 22:26:32] [INFO] [Media::FontManager::registerFontCollection] register font [A-OTF ïêë†ñÏ Std Regular]*
[10/07 22:26:32] [INFO] [Media::FontManager::registerFontCollection] register font [A P-OTF ÇŸÇ»Ç›+ ProN H]*
[10/07 22:26:32] [INFO] [Media::FontManager::registerFontCollection] register font [A-OTF ÉäÉÖÉEÉ~Éì Pr6N B-KL]*
[10/07 22:26:32] [INFO] [Media::FontManager::registerFontCollection] register font [UDÉ^ÉCÉ|ÉX515 Std R]*
[10/07 22:26:32] [INFO] [Media::FontManager::registerFontCollection] register font [A P-OTF Ç§ÇΩÇÊÇ› Std M]*
[10/07 22:26:32] [INFO] [Media::FontManager::registerFontCollection] register font [A P-OTF ì¯ë˚ìVçë Min2 H]*
[10/07 22:26:32] [INFO] [Media::FontManager::registerFontCollection] register font [A P-OTF î¸ïó Min2 EL]*
[10/07 22:26:32] [INFO] [Media::FontManager::registerFontCollection] register font [è¨íÀÉSÉVÉbÉN Pro R]*
[10/07 22:26:32] [INFO] [Media::FontManager::registerFontCollection] register font [A P-OTF ÉAÉãÉfÉI Min2 H]*
[10/07 22:26:32] [INFO] [Media::FontManager::registerFontCollection] register font [A P-OTF ÉvÉäÉeÉBÅ[ìç StdN B]*
[10/07 22:26:32] [INFO] [Media::FontManager::registerFontCollection] register font [A P-OTF êVä€ÉS Pr6N DB]*
[10/07 22:26:32] [INFO] [Media::FontManager::registerFontCollection] register font [A-SK ÉtÉ@Éìóñ Min2 E]*
[10/07 22:26:32] [INFO] [Media::FontManager::registerFontCollection] register font [MOSuuji H B IAn] 
[10/07 22:26:32] [INFO] [Media::FontManager::registerFontCollection] register font [UDÍtÉ~Éì ä»ëÃéö Gb6 EB]*
[10/07 22:26:32] [INFO] [Media::FontManager::registerFontCollection] register font [A_KSO ì¨ó¥]*
[10/07 22:26:32] [INFO] [Media::FontManager::registerFontCollection] register font [A P-OTF ÉvÉt ÉzÉäÉfÅ[ Min2 R]*
[10/07 22:26:32] [INFO] [Media::FontManager::registerFontCollection] register font [A P-OTF íÜÉSÉVÉbÉNBBB Pr6N R]*
[10/07 22:26:32] [INFO] [Media::FontManager::registerFontCollection] register font [MOSuuji H B HAn] 
[10/07 22:26:32] [INFO] [Media::FontManager::registerFontCollection] register font [ÉqÉâÉMÉmUDäpÉS Std W3]*
[10/07 22:26:32] [INFO] [Media::FontManager::registerFontCollection] register font [ÉqÉâÉMÉmUDäpÉS Std W4]*
[10/07 22:26:32] [INFO] [Media::FontManager::registerFontCollection] register font [ÉqÉâÉMÉmUDäpÉS Std W6]*
[10/07 22:26:32] [INFO] [Media::FontManager::registerFontCollection] register font [RoÇ€Ç¡Ç≠ÇÈStd-B]*
[10/07 22:26:32] [INFO] [Media::FontManager::registerFontCollection] register font [MOSuuji H B HBn] 
[10/07 22:26:32] [INFO] [Media::FontManager::registerFontCollection] register font [MOSuuji H B JEn] 
[10/07 22:26:32] [INFO] [Media::FontManager::registerFontCollection] register font [MOSuuji H B IBn] 
[10/07 22:26:32] [INFO] [Media::FontManager::registerFontCollection] register font [MOSuuji H B HCn] 
[10/07 22:26:32] [INFO] [Media::FontManager::registerFontCollection] register font [A P-OTF ì î≈ï∂ãvå©èoÉS Std EB]*
[10/07 22:26:32] [INFO] [Media::FontManager::registerFontCollection] register font [Prensa] 
[10/07 22:26:32] [INFO] [Media::FontManager::registerFontCollection] register font [RoÉiÉEStd-GE]*
[10/07 22:26:32] [INFO] [Media::FontManager::registerFontCollection] register font [MOSuuji H B JFn] 
[10/07 22:26:32] [INFO] [Media::FontManager::registerFontCollection] register font [MOSuuji H B ICn] 
[10/07 22:26:32] [INFO] [Media::FontManager::registerFontCollection] register font [MOSuuji H B GAn] 
[10/07 22:26:32] [INFO] [Media::FontManager::registerFontCollection] register font [A-OTF É^ÉJÉnÉìÉh Std H]*
[10/07 22:26:32] [INFO] [Media::FontManager::registerFontCollection] register font [A P-OTF êâó¨Ç´ÇÁêØ Min2 M]*
[10/07 22:26:32] [INFO] [Media::FontManager::registerFontCollection] register font [MOSuuji H D JAn] 
[10/07 22:26:32] [INFO] [Media::FontManager::registerFontCollection] register font [MOSuuji H B JGn] 
[10/07 22:26:32] [INFO] [Media::FontManager::registerFontCollection] register font [MOSuuji H B IDn] 
[10/07 22:26:32] [INFO] [Media::FontManager::registerFontCollection] register font [MOSuuji H B GBn] 
[10/07 22:26:32] [INFO] [Media::FontManager::registerFontCollection] register font [AR UDJingXiHeiE1GB EH] 
[10/07 22:26:32] [INFO] [Media::FontManager::registerFontCollection] register font [RoG2ÉTÉìÉZÉäÉtStd-B]*
[10/07 22:26:32] [INFO] [Media::FontManager::registerFontCollection] register font [MOSuuji H D JBn] 
[10/07 22:26:32] [INFO] [Media::FontManager::registerFontCollection] register font [MOSuuji H B IEn] 
[10/07 22:26:32] [INFO] [Media::FontManager::registerFontCollection] register font [MOSuuji H B GCn] 
[10/07 22:26:32] [INFO] [Media::FontManager::registerFontCollection] register font [A-OTF ÉgÉìÉlÉã Min ç◊ê¸]*
[10/07 22:26:32] [INFO] [Media::FontManager::registerFontCollection] register font [MOSuuji H D JCn] 
[10/07 22:26:32] [INFO] [Media::FontManager::registerFontCollection] register font [MOSuuji H B GDn] 
[10/07 22:26:32] [INFO] [Media::FontManager::registerFontCollection] register font [MOSuuji H B FAn] 
[10/07 22:26:32] [INFO] [Media::FontManager::registerFontCollection] register font [A-OTF ÇÕÇÈÇ–äwâÄ Std L]*
[10/07 22:26:32] [INFO] [Media::FontManager::registerFontCollection] register font [A P-OTF ÉOÉçÉEText Min2 Cond B] 
[10/07 22:26:32] [INFO] [Media::FontManager::registerFontCollection] register font [AR UDJingXiHeiE1G30 MD] 
[10/07 22:26:32] [INFO] [Media::FontManager::registerFontCollection] register font [AR UDJingXiHeiE1G30 DB] 
[10/07 22:26:32] [INFO] [Media::FontManager::registerFontCollection] register font [AR UDJingXiHeiE1G30 BD] 
[10/07 22:26:32] [INFO] [Media::FontManager::registerFontCollection] register font [AR UDJingXiHeiE1G30 EB] 
[10/07 22:26:32] [INFO] [Media::FontManager::registerFontCollection] register font [AR UDJingXiHeiE1G30 HV] 
[10/07 22:26:32] [INFO] [Media::FontManager::registerFontCollection] register font [MOSuuji H D JDn] 
[10/07 22:26:32] [INFO] [Media::FontManager::registerFontCollection] register font [MOSuuji H B JJn] 
[10/07 22:26:32] [INFO] [Media::FontManager::registerFontCollection] register font [MOSuuji H B HDn] 
[10/07 22:26:32] [INFO] [Media::FontManager::registerFontCollection] register font [MOSuuji H B GEn] 
[10/07 22:26:32] [INFO] [Media::FontManager::registerFontCollection] register font [MOSuuji H B FBn] 
[10/07 22:26:32] [INFO] [Media::FontManager::registerFontCollection] register font [A P-OTF ÇŸÇ»Ç›+ ProN EH]*
[10/07 22:26:32] [INFO] [Media::FontManager::registerFontCollection] register font [MOSuuji H D JEn] 
[10/07 22:26:32] [INFO] [Media::FontManager::registerFontCollection] register font [MOSuuji H B IHn] 
[10/07 22:26:32] [INFO] [Media::FontManager::registerFontCollection] register font [MOSuuji H B HEn] 
[10/07 22:26:32] [INFO] [Media::FontManager::registerFontCollection] register font [MOSuuji H B FCn] 
[10/07 22:26:32] [INFO] [Media::FontManager::registerFontCollection] register font [A_KSO ã‚ó¥]*
[10/07 22:26:32] [INFO] [Media::FontManager::registerFontCollection] register font [RoÉiÉEStd-ME]*
[10/07 22:26:32] [INFO] [Media::FontManager::registerFontCollection] register font [MOSuuji H D JFn] 
[10/07 22:26:32] [INFO] [Media::FontManager::registerFontCollection] register font [MOSuuji H B IIn] 
[10/07 22:26:32] [INFO] [Media::FontManager::registerFontCollection] register font [MOSuuji H B HFn] 
[10/07 22:26:32] [INFO] [Media::FontManager::registerFontCollection] register font [MOSuuji H B FDn] 
[10/07 22:26:32] [INFO] [Media::FontManager::registerFontCollection] register font [MOSuuji H B EAn] 
[10/07 22:26:32] [INFO] [Media::FontManager::registerFontCollection] register font [ITC Avant Garde Pro Bk] 
[10/07 22:26:32] [INFO] [Media::FontManager::registerFontCollection] register font [ITC Avant Garde Pro Md] 
[10/07 22:26:32] [INFO] [Media::FontManager::registerFontCollection] register font [MOSuuji H D JGn] 
[10/07 22:26:32] [INFO] [Media::FontManager::registerFontCollection] register font [MOSuuji H B IJn] 
[10/07 22:26:32] [INFO] [Media::FontManager::registerFontCollection] register font [MOSuuji H B HGn] 
[10/07 22:26:32] [INFO] [Media::FontManager::registerFontCollection] register font [MOSuuji H B FEn] 
[10/07 22:26:32] [INFO] [Media::FontManager::registerFontCollection] register font [MOSuuji H B EBn] 
[10/07 22:26:32] [INFO] [Media::FontManager::registerFontCollection] register font [A-OTF UDêVÉS Pr6 DB]*
[10/07 22:26:32] [INFO] [Media::FontManager::registerFontCollection] register font [A P-OTF É^ÉJÉÇÉ_Éì Min M]*
[10/07 22:26:32] [INFO] [Media::FontManager::registerFontCollection] register font [ÉqÉâÉMÉmUDäpÉS Std W5]*
[10/07 22:26:32] [INFO] [Media::FontManager::registerFontCollection] register font [î¸ïó î…ëÃéö B5Min EL]*
[10/07 22:26:32] [INFO] [Media::FontManager::registerFontCollection] register font [MOSuuji H D JHn] 
[10/07 22:26:32] [INFO] [Media::FontManager::registerFontCollection] register font [MOSuuji H B HHn] 
[10/07 22:26:32] [INFO] [Media::FontManager::registerFontCollection] register font [MOSuuji H B FFn] 
[10/07 22:26:32] [INFO] [Media::FontManager::registerFontCollection] register font [MOSuuji H D JIn] 
[10/07 22:26:32] [INFO] [Media::FontManager::registerFontCollection] register font [MOSuuji H B HIn] 
[10/07 22:26:32] [INFO] [Media::FontManager::registerFontCollection] register font [MOSuuji H B GFn] 
[10/07 22:26:32] [INFO] [Media::FontManager::registerFontCollection] register font [MOSuuji H B FGn] 
[10/07 22:26:32] [INFO] [Media::FontManager::registerFontCollection] register font [MOSuuji H B DAn] 
[10/07 22:26:32] [INFO] [Media::FontManager::registerFontCollection] register font [A P-OTF ÉvÉt É\ÉèÉå Min2 B]*
[10/07 22:26:32] [INFO] [Media::FontManager::registerFontCollection] register font [MOSuuji H D JJn] 
[10/07 22:26:32] [INFO] [Media::FontManager::registerFontCollection] register font [MOSuuji H B HJn] 
[10/07 22:26:32] [INFO] [Media::FontManager::registerFontCollection] register font [MOSuuji H B GGn] 
[10/07 22:26:32] [INFO] [Media::FontManager::registerFontCollection] register font [URW DIN XLight] 
[10/07 22:26:32] [INFO] [Media::FontManager::registerFontCollection] register font [MO UDêVÉS ä»ëÃéö Gb6 DB]*
[10/07 22:26:32] [INFO] [Media::FontManager::registerFontCollection] register font [MOSuuji H B GHn] 
[10/07 22:26:32] [INFO] [Media::FontManager::registerFontCollection] register font [A P-OTF îíñ≠ ÉIÅ[ÉãÉh StdN L]*
[10/07 22:26:32] [INFO] [Media::FontManager::registerFontCollection] register font [A P-OTF îíñ≠ ÉIÅ[ÉãÉh StdN M]*
[10/07 22:26:32] [INFO] [Media::FontManager::registerFontCollection] register font [Gotham Bold] 
[10/07 22:26:32] [INFO] [Media::FontManager::registerFontCollection] register font [MOSuuji H B GIn] 
[10/07 22:26:32] [INFO] [Media::FontManager::registerFontCollection] register font [MOSuuji H B EGn] 
[10/07 22:26:32] [INFO] [Media::FontManager::registerFontCollection] register font [MOSuuji H B CAn] 
[10/07 22:26:32] [INFO] [Media::FontManager::registerFontCollection] register font [A P-OTF ÉLÉÉÉsÅ[N+ ProN DB]*
[10/07 22:26:32] [INFO] [Media::FontManager::registerFontCollection] register font [ÉjÉ^ÉâÉSÉãÉCÉJ] 
[10/07 22:26:32] [INFO] [Media::FontManager::registerFontCollection] register font [TBîíÇÃÉAÉäÉX Min2 B]*
[10/07 22:26:32] [INFO] [Media::FontManager::registerFontCollection] register font [MOSuuji H D IJn] 
[10/07 22:26:32] [INFO] [Media::FontManager::registerFontCollection] register font [MOSuuji H B GJn] 
[10/07 22:26:32] [INFO] [Media::FontManager::registerFontCollection] register font [MOSuuji H B EHn] 
[10/07 22:26:32] [INFO] [Media::FontManager::registerFontCollection] register font [AB-doramin]*
[10/07 22:26:32] [INFO] [Media::FontManager::registerFontCollection] register font [MOSuuji H B FHn] 
[10/07 22:26:32] [INFO] [Media::FontManager::registerFontCollection] register font [MOSuuji H B EIn] 
[10/07 22:26:32] [INFO] [Media::FontManager::registerFontCollection] register font [AR UDJingXiHeiE1B5HK EH] 
[10/07 22:26:32] [INFO] [Media::FontManager::registerFontCollection] register font [RoG2ÉTÉìÉZÉäÉtStd-U]*
[10/07 22:26:32] [INFO] [Media::FontManager::registerFontCollection] register font [MOSuuji H B FIn] 
[10/07 22:26:32] [INFO] [Media::FontManager::registerFontCollection] register font [MOSuuji H B FJn] 
[10/07 22:26:32] [INFO] [Media::FontManager::registerFontCollection] register font [A P-OTF è¨ã’óVÇ©Ç» StdN R]*
[10/07 22:26:32] [INFO] [Media::FontManager::registerFontCollection] register font [A-OTF ÉVÉlÉ}ÉåÉ^Å[ Std L]*
[10/07 22:26:32] [INFO] [Media::FontManager::registerFontCollection] register font [MOSuuji H B BCn] 
[10/07 22:26:32] [INFO] [Media::FontManager::registerFontCollection] register font [A P-OTF ïêë†ñÏ StdN R]*
[10/07 22:26:32] [INFO] [Media::FontManager::registerFontCollection] register font [MOSuuji H D CAn] 
[10/07 22:26:32] [INFO] [Media::FontManager::registerFontCollection] register font [MOSuuji H B DJn] 
[10/07 22:26:32] [INFO] [Media::FontManager::registerFontCollection] register font [A P-OTF ÇÿÇÒÇœÇÈ StdN M]*
[10/07 22:26:32] [INFO] [Media::FontManager::registerFontCollection] register font [A P-OTF ÉRÉRÉì Min2 B]*
[10/07 22:26:32] [INFO] [Media::FontManager::registerFontCollection] register font [A-OTF UDêVÉS Pr6N L]*
[10/07 22:26:32] [INFO] [Media::FontManager::registerFontCollection] register font [MOSuuji H B EJn] 
[10/07 22:26:32] [INFO] [Media::FontManager::registerFontCollection] register font [MOSuuji H B CHn] 
[10/07 22:26:32] [INFO] [Media::FontManager::registerFontCollection] register font [RoÇ‘ÇÁÇ¡ÇµÇ„Std-U]*
[10/07 22:26:32] [INFO] [Media::FontManager::registerFontCollection] register font [MOSuuji H B CIn] 
[10/07 22:26:32] [INFO] [Media::FontManager::registerFontCollection] register font [MOSuuji H D BAn] 
[10/07 22:26:32] [INFO] [Media::FontManager::registerFontCollection] register font [A-SK ÉiÉJÉtÉäÅ[ Min2 B]*
[10/07 22:26:32] [INFO] [Media::FontManager::registerFontCollection] register font [MOSuuji H D DDn] 
[10/07 22:26:32] [INFO] [Media::FontManager::registerFontCollection] register font [MOSuuji H D BBn] 
[10/07 22:26:32] [INFO] [Media::FontManager::registerFontCollection] register font [A-OTF UDêVÉSÉRÉìÉf60 Pr6N DB]*
[10/07 22:26:32] [INFO] [Media::FontManager::registerFontCollection] register font [A P-OTF ïêë†ñÏëêÇ©Ç»+ StdN R]*
[10/07 22:26:32] [INFO] [Media::FontManager::registerFontCollection] register font [MOSuuji H D CBn] 
[10/07 22:26:32] [INFO] [Media::FontManager::registerFontCollection] register font [MOSuuji H D BCn] 
[10/07 22:26:32] [INFO] [Media::FontManager::registerFontCollection] register font [MOSuuji H B BIn] 
[10/07 22:26:32] [INFO] [Media::FontManager::registerFontCollection] register font [A P-OTF êâó¨Ç‰Ç‰É|ÉbÉv StdN B]*
[10/07 22:26:32] [INFO] [Media::Direct3DService::getHighPerformanceAdapter] Found Performance GPU : NVIDIA GeForce RTX 4070 Ti SUPER
[10/07 22:26:32] [INFO] [Media::Direct3DService::createDevice] D3D feature level : 0x0000b100
[10/07 22:26:32] [INFO] [Media::Direct3DService::Direct3DService] GPU : NVIDIA GeForce RTX 4070 Ti SUPER
[10/07 22:26:32] [INFO] [Media::Direct3DService::Direct3DService] GPU Memory : 16061MB
[10/07 22:26:32] [INFO] [Media::Direct3DService::Direct3DService] D3D ROVsSupported : 1
[10/07 22:26:32] [INFO] [Media::Direct3DService::Direct3DService] D3D DXGI_FORMAT_R8G8B8A8_UNORM Texture2D Supported : 1
[10/07 22:26:32] [INFO] [Media::Direct3DService::Direct3DService] D3D DXGI_FORMAT_B8G8R8A8_UNORM Texture2D Supported : 1
[10/07 22:26:32] [INFO] [Media::Direct3DService::Direct3DService] D3D DXGI_FORMAT_A8_UNORM Texture2D Supported : 1
[10/07 22:26:32] [INFO] [Media::Direct3DService::Direct3DService] D3D DXGI_FORMAT_R16G16B16A16_FLOAT Texture2D Supported : 1
[10/07 22:26:32] [INFO] [Media::Direct3DService::Direct3DService] D3D DXGI_FORMAT_G8R8_G8B8_UNORM Texture2D Supported : 1
[10/07 22:26:32] [INFO] [Media::Direct3DService::Direct3DService] D3D DXGI_FORMAT_R16G16B16A16_UNORM Texture2D Supported : 1
[10/07 22:26:32] [INFO] [Media::Direct3DService::Direct3DService] D3D DXGI_FORMAT_R16G16B16A16_SNORM Texture2D Supported : 1
[10/07 22:26:32] [INFO] [Media::YUVformat::InitializeColorTable] [YUV2RGB] 0: BT.601
[10/07 22:26:32] [INFO] [Media::YUVformat::InitializeColorTable] [YUV2RGB] 1: BT.709
[10/07 22:26:32] [INFO] [Media::YUVformat::InitializeColorTable] [YUV2RGB] 2: BT.2020
[10/07 22:26:32] [INFO] [Media::YUVformat::InitializeColorTable] [RGB2YUV] 0: BT.601
[10/07 22:26:32] [INFO] [Media::YUVformat::InitializeColorTable] [RGB2YUV] 1: BT.709
[10/07 22:26:32] [INFO] [Media::YUVformat::InitializeColorTable] [RGB2YUV] 2: BT.2020
[10/07 22:26:32] [INFO] [Plugin::InputService::registerPlugin] register input plugin [Uncompressed Image File Reader]
[10/07 22:26:32] [INFO] [Plugin::InputService::registerPlugin] register input plugin [WIC image file reader]
[10/07 22:26:32] [INFO] [Plugin::InputService::registerPlugin] register input plugin [AVI/AVI2 File Reader]
[10/07 22:26:32] [INFO] [Plugin::InputService::registerPlugin] register input plugin [Wave File Reader]
[10/07 22:26:32] [INFO] [Plugin::OutputService::registerPlugin] register output plugin [AVIÉtÉ@ÉCÉãèoóÕ]
[10/07 22:26:32] [INFO] [Plugin::OutputService::registerPlugin] register output plugin [PNGÉtÉ@ÉCÉãèoóÕ]
[10/07 22:26:32] [INFO] [Plugin::OutputService::registerPlugin] register output plugin [JPEGÉtÉ@ÉCÉãèoóÕ]
[10/07 22:26:32] [INFO] [Plugin::OutputService::registerPlugin] register output plugin [òAî‘ÉtÉ@ÉCÉãèoóÕ]
[10/07 22:26:32] [INFO] [Plugin::ScriptService::registerPlugin] register script plugin [Lua5.1.4]
[10/07 22:26:32] [INFO] [Plugin::ScriptService::registerPlugin] register script plugin [LuaJIT2.1]
[10/07 22:26:32] [INFO] [Plugin::CommonPlugin::CommonPlugin] LoadLibrary: E:\Downloads\web_render_aux2_prototype\web-render\.aviutl2-cli\development\data\Plugin\web-render\web-render.aux2
[10/07 22:26:32] [INFO] [Plugin::web-render.aux2] [aviutl2::generic::__bridge] Creating plugin table for plugin: web_render_aux2::Vi5Aux2
[10/07 22:26:32] [VERBOSE] [Plugin::web-render.aux2] [aviutl2::common] Leaking wide string: web-render.aux2
[10/07 22:26:32] [VERBOSE] [Plugin::web-render.aux2] [aviutl2::common] Leaking wide string: web-render.aux2 / https://github.com/sevenc-nanashi/vi5.aux2 / v0.1.0
[10/07 22:26:32] [INFO] [Plugin::CommonPluginService::registerPlugin] register common plugin [E:\Downloads\web_render_aux2_prototype\web-render\.aviutl2-cli\development\data\Plugin\web-render\web-render.aux2]
[10/07 22:26:32] [VERBOSE] [Plugin::web-render.aux2] [aviutl2::common] Leaking wide string: [web-render.aux2] ÉvÉçÉWÉFÉNÉgÉtÉHÉãÉ_ÇÃê›íË
[10/07 22:26:32] [INFO] [Plugin::CommonPluginService::registerConfigMenu] register config menu [[web-render.aux2] ÉvÉçÉWÉFÉNÉgÉtÉHÉãÉ_ÇÃê›íË]
[10/07 22:26:32] [VERBOSE] [Plugin::web-render.aux2] [aviutl2::common] Leaking wide string: get_batch_size
[10/07 22:26:32] [VERBOSE] [Plugin::web-render.aux2] [aviutl2::common] Leaking wide string: call_object
[10/07 22:26:32] [VERBOSE] [Plugin::web-render.aux2] [aviutl2::common] Leaking wide string: free_image
[10/07 22:26:32] [VERBOSE] [Plugin::web-render.aux2] [aviutl2::common] Leaking value vector of type aviutl2_sys::module2::SCRIPT_MODULE_FUNCTION
[10/07 22:26:32] [VERBOSE] [Plugin::web-render.aux2] [aviutl2::common] Leaking wide string: web-render.aux2 Internal Module
[10/07 22:26:32] [INFO] [Plugin::ScriptModuleService::registerPlugin] register script module [web-render]
[10/07 22:26:32] [INFO] [Plugin::CommonPluginService::createEditHandle] create edit handle [web-render]
[10/07 22:26:32] [INFO] [Plugin::CommonPluginService::registerProjectLoadHandler] register project load handler [web-render]
[10/07 22:26:32] [INFO] [Plugin::CommonPluginService::registerProjectSaveHandler] register project save handler [web-render]
[10/07 22:26:32] [INFO] [Plugin::CommonPluginService::registerClearCacheHandler] register cache clear handler [web-render]
[10/07 22:26:32] [INFO] [Plugin::CommonPluginService::registerEventListener] register event listener (event=1) [web-render]
[10/07 22:26:32] [INFO] [Plugin::CommonPluginService::registerEventListener] register event listener (event=2) [web-render]
[10/07 22:26:32] [INFO] [Plugin::CommonPluginService::registerEventListener] register event listener (event=3) [web-render]
[10/07 22:26:32] [INFO] [Plugin::CommonPluginService::registerEventListener] register event listener (event=4) [web-render]
[10/07 22:26:32] [INFO] [Plugin::CommonPluginService::registerEventListener] register event listener (event=5) [web-render]
[10/07 22:26:32] [INFO] [Effect::EffectService::registerMovement] register movement [à⁄ìÆñ≥Çµ]
[10/07 22:26:32] [INFO] [Effect::EffectService::registerMovement] register movement [çƒê∂îÕàÕ]
[10/07 22:26:32] [INFO] [Effect::EffectService::registerMovement] register movement [íºê¸à⁄ìÆ]
[10/07 22:26:32] [INFO] [Effect::EffectService::registerMovement] register movement [íºê¸à⁄ìÆ(éûä‘êßå‰)]
[10/07 22:26:32] [INFO] [Effect::EffectService::registerMovement] register movement [íºê¸à⁄ìÆ(âÒì])]
[10/07 22:26:32] [INFO] [Effect::EffectService::registerMovement] register movement [ï‚ä‘à⁄ìÆ]
[10/07 22:26:32] [INFO] [Effect::EffectService::registerMovement] register movement [ï‚ä‘à⁄ìÆ(éûä‘êßå‰)]
[10/07 22:26:32] [INFO] [Effect::EffectService::registerMovement] register movement [ï‚ä‘à⁄ìÆ(âÒì])]
[10/07 22:26:32] [INFO] [Effect::EffectService::registerMovement] register movement [ÉâÉìÉ_ÉÄà⁄ìÆ]
[10/07 22:26:32] [INFO] [Effect::EffectService::registerMovement] register movement [èuä‘à⁄ìÆ]
[10/07 22:26:32] [INFO] [Effect::EffectService::registerMovement] register movement [à⁄ìÆó éwíË]
[10/07 22:26:32] [INFO] [Effect::EffectService::registerEffect] register effect [ìÆâÊÉtÉ@ÉCÉã]
[10/07 22:26:32] [INFO] [Effect::EffectService::registerEffect] register effect [âÊëúÉtÉ@ÉCÉã]
[10/07 22:26:32] [INFO] [Effect::EffectService::registerEffect] register effect [âπê∫ÉtÉ@ÉCÉã]
[10/07 22:26:32] [INFO] [Plugin::InputService::registerPlugin] register input plugin [ÉÇÉfÉãÉIÉuÉWÉFÉNÉg]
[10/07 22:26:32] [INFO] [Effect::EffectService::registerEffect] register effect [ÉÇÉfÉãÉtÉ@ÉCÉã]
[10/07 22:26:32] [INFO] [Plugin::InputService::registerPlugin] register input plugin [ÉeÉLÉXÉgÉIÉuÉWÉFÉNÉg]
[10/07 22:26:32] [INFO] [Effect::EffectService::registerEffect] register effect [ÉeÉLÉXÉg]
[10/07 22:26:32] [INFO] [Plugin::InputService::registerPlugin] register input plugin [ê}å`ÉIÉuÉWÉFÉNÉg]
[10/07 22:26:32] [INFO] [Effect::EffectService::registerEffect] register effect [ê}å`]
[10/07 22:26:32] [INFO] [Effect::EffectService::registerEffect] register effect [ÉVÅ[Éì]
[10/07 22:26:32] [INFO] [Effect::EffectService::registerEffect] register effect [ÉtÉåÅ[ÉÄÉoÉbÉtÉ@]
[10/07 22:26:32] [INFO] [Effect::EffectService::registerEffect] register effect [ÉIÅ[ÉfÉBÉIÉoÉbÉtÉ@]
[10/07 22:26:32] [INFO] [Effect::EffectService::registerEffect] register effect [íºëOÉIÉuÉWÉFÉNÉg]
[10/07 22:26:32] [INFO] [Effect::EffectService::registerEffect] register effect [ïWèÄï`âÊ]
[10/07 22:26:32] [INFO] [Effect::EffectService::registerEffect] register effect [âπê∫çƒê∂]
[10/07 22:26:32] [INFO] [Effect::EffectService::registerEffect] register effect [âfëúçƒê∂]
[10/07 22:26:32] [INFO] [Effect::EffectService::registerEffect] register effect [äÓñ{èoóÕ]
[10/07 22:26:32] [INFO] [Effect::EffectService::registerEffect] register effect [ÉpÅ[ÉeÉBÉNÉãèoóÕ]
[10/07 22:26:32] [INFO] [Effect::EffectService::registerEffect] register effect [ÉpÅ[ÉeÉBÉNÉãèoóÕ(ÉJÉÅÉâêßå‰)]
[10/07 22:26:32] [INFO] [Effect::EffectService::registerEffect] register effect [âºëzÉoÉbÉtÉ@èoóÕ]
[10/07 22:26:32] [INFO] [Effect::EffectService::registerEffect] register effect [ÉOÉãÅ[Évêßå‰]
[10/07 22:26:32] [INFO] [Effect::EffectService::registerEffect] register effect [ÉOÉãÅ[Évêßå‰(âπê∫)]
[10/07 22:26:32] [INFO] [Effect::EffectService::registerEffect] register effect [ÉJÉÅÉâêßå‰]
[10/07 22:26:32] [INFO] [Effect::EffectService::registerEffect] register effect [éûä‘êßå‰(ÉIÉuÉWÉFÉNÉg)]
[10/07 22:26:32] [INFO] [Effect::EffectService::registerEffect] register effect [âÊëúçáê¨(ÉIÉuÉWÉFÉNÉg)]
[10/07 22:26:32] [INFO] [Effect::EffectService::registerEffect] register effect [ïîï™ÉtÉBÉãÉ^]
[10/07 22:26:32] [INFO] [Effect::EffectService::registerEffect] register effect [âπê∫îgå`ï\é¶]
[10/07 22:26:32] [INFO] [Effect::EffectService::registerEffect] register effect [êFí≤ï‚ê≥]
[10/07 22:26:32] [INFO] [Effect::EffectService::registerEffect] register effect [ÉOÉâÉfÅ[ÉVÉáÉì]
[10/07 22:26:32] [INFO] [Effect::EffectService::registerEffect] register effect [ÉOÉâÉfÅ[ÉVÉáÉìÉ}ÉbÉv]
[10/07 22:26:32] [INFO] [Effect::EffectService::registerEffect] register effect [íPêFâª]
[10/07 22:26:32] [INFO] [Effect::EffectService::registerEffect] register effect [ägí£êFí≤ï‚ê≥]
[10/07 22:26:32] [INFO] [Effect::EffectService::registerEffect] register effect [ì¡íËêFàÊïœä∑]
[10/07 22:26:32] [INFO] [Effect::EffectService::registerEffect] register effect [ägí£êFê›íË]
[10/07 22:26:32] [INFO] [Effect::EffectService::registerEffect] register effect [ÉNÉäÉbÉsÉìÉO]
[10/07 22:26:32] [INFO] [Effect::EffectService::registerEffect] register effect [éŒÇﬂÉNÉäÉbÉsÉìÉO]
[10/07 22:26:32] [INFO] [Effect::EffectService::registerEffect] register effect [êÓÉNÉäÉbÉsÉìÉO]
[10/07 22:26:32] [INFO] [Effect::EffectService::registerEffect] register effect [É}ÉXÉN]
[10/07 22:26:32] [INFO] [Effect::EffectService::registerEffect] register effect [Ç⁄Ç©Çµ]
[10/07 22:26:32] [INFO] [Effect::EffectService::registerEffect] register effect [ÉåÉìÉYÉuÉâÅ[]
[10/07 22:26:32] [INFO] [Effect::EffectService::registerEffect] register effect [ï˙éÀÉuÉâÅ[]
[10/07 22:26:32] [INFO] [Effect::EffectService::registerEffect] register effect [ï˚å¸ÉuÉâÅ[]
[10/07 22:26:32] [INFO] [Effect::EffectService::registerEffect] register effect [ÉÇÅ[ÉVÉáÉìÉuÉâÅ[]
[10/07 22:26:32] [INFO] [Effect::EffectService::registerEffect] register effect [ã´äEÇ⁄Ç©Çµ]
[10/07 22:26:32] [INFO] [Effect::EffectService::registerEffect] register effect [ÉOÉçÅ[]
[10/07 22:26:32] [INFO] [Effect::EffectService::registerEffect] register effect [î≠åı]
[10/07 22:26:32] [INFO] [Effect::EffectService::registerEffect] register effect [ëMåı]
[10/07 22:26:32] [INFO] [Effect::EffectService::registerEffect] register effect [ägéUåı]
[10/07 22:26:32] [INFO] [Effect::EffectService::registerEffect] register effect [ÉâÉCÉg]
[10/07 22:26:32] [INFO] [Effect::EffectService::registerEffect] register effect [êFÇ∏ÇÍ]
[10/07 22:26:32] [INFO] [Effect::EffectService::registerEffect] register effect [âèéÊÇË]
[10/07 22:26:32] [INFO] [Effect::EffectService::registerEffect] register effect [ògê¸]
[10/07 22:26:32] [INFO] [Effect::EffectService::registerEffect] register effect [ÉhÉçÉbÉvÉVÉÉÉhÉE]
[10/07 22:26:32] [INFO] [Effect::EffectService::registerEffect] register effect [ì ÉGÉbÉW]
[10/07 22:26:32] [INFO] [Effect::EffectService::registerEffect] register effect [ÉNÉçÉ}ÉLÅ[]
[10/07 22:26:32] [INFO] [Effect::EffectService::registerEffect] register effect [ÉãÉ~ÉiÉìÉXÉLÅ[]
[10/07 22:26:32] [INFO] [Effect::EffectService::registerEffect] register effect [ÉJÉâÅ[ÉLÅ[]
[10/07 22:26:32] [INFO] [Effect::EffectService::registerEffect] register effect [ÉGÉbÉWíäèo]
[10/07 22:26:32] [INFO] [Effect::EffectService::registerEffect] register effect [îgñ‰]
[10/07 22:26:32] [INFO] [Effect::EffectService::registerEffect] register effect [ÉâÉXÉ^Å[]
[10/07 22:26:32] [INFO] [Effect::EffectService::registerEffect] register effect [ã…ç¿ïWïœä∑]
[10/07 22:26:32] [INFO] [Effect::EffectService::registerEffect] register effect [ÉfÉBÉXÉvÉåÉCÉXÉÅÉìÉgÉ}ÉbÉv]
[10/07 22:26:32] [INFO] [Effect::EffectService::registerEffect] register effect [ÉäÉTÉCÉY]
[10/07 22:26:32] [INFO] [Effect::EffectService::registerEffect] register effect [âÊëúçáê¨]
[10/07 22:26:32] [INFO] [Effect::EffectService::registerEffect] register effect [ÉVÉÉÅ[Év]
[10/07 22:26:32] [INFO] [Effect::EffectService::registerEffect] register effect [ÉmÉCÉYèúãé]
[10/07 22:26:32] [INFO] [Effect::EffectService::registerEffect] register effect [ÉCÉìÉ^Å[ÉåÅ[ÉXâèú]
[10/07 22:26:32] [INFO] [Effect::EffectService::registerEffect] register effect [ÉmÉCÉY]
[10/07 22:26:32] [INFO] [Effect::EffectService::registerEffect] register effect [ÉÇÉUÉCÉN]
[10/07 22:26:32] [INFO] [Effect::EffectService::registerEffect] register effect [ÉIÉtÉXÉNÉäÅ[Éìï`âÊ]
[10/07 22:26:32] [INFO] [Effect::EffectService::registerEffect] register effect [âÊëúÉãÅ[Év]
[10/07 22:26:32] [INFO] [Effect::EffectService::registerEffect] register effect [ÉIÉuÉWÉFÉNÉgï™äÑ]
[10/07 22:26:32] [INFO] [Effect::EffectService::registerEffect] register effect [ÉtÉFÅ[Éh]
[10/07 22:26:32] [INFO] [Effect::EffectService::registerEffect] register effect [ÉèÉCÉv]
[10/07 22:26:32] [INFO] [Effect::EffectService::registerEffect] register effect [ÉVÅ[ÉìÉ`ÉFÉìÉW]
[10/07 22:26:32] [INFO] [Effect::EffectService::registerEffect] register effect [êUìÆ]
[10/07 22:26:32] [INFO] [Effect::EffectService::registerEffect] register effect [ÉmÉCÉY(âºëzÉoÉbÉtÉ@)]
[10/07 22:26:32] [INFO] [Effect::EffectService::registerEffect] register effect [ÉXÉNÉäÉvÉgêßå‰]
[10/07 22:26:32] [INFO] [Effect::EffectService::registerEffect] register effect [ïΩçsåıåπ(ÉJÉÅÉâêßå‰)]
[10/07 22:26:32] [INFO] [Effect::EffectService::registerEffect] register effect [ÉXÉ|ÉbÉgåıåπ(ÉJÉÅÉâêßå‰)]
[10/07 22:26:32] [INFO] [Effect::EffectService::registerEffect] register effect [ì_åıåπ(ÉJÉÅÉâêßå‰)]
[10/07 22:26:32] [INFO] [Effect::EffectService::registerEffect] register effect [ä¬ã´åı(ÉJÉÅÉâêßå‰)]
[10/07 22:26:32] [INFO] [Effect::EffectService::registerEffect] register effect [ÉâÉCÉgÉuÉãÅ[ÉÄ(ÉJÉÅÉâêßå‰)]
[10/07 22:26:32] [INFO] [Effect::EffectService::registerEffect] register effect [çﬁéøê›íË(ÉJÉÅÉâêßå‰)]
[10/07 22:26:32] [INFO] [Effect::EffectService::registerEffect] register effect [ÉJÉÅÉâêßå‰ÉIÉvÉVÉáÉì]
[10/07 22:26:32] [INFO] [Effect::EffectService::registerEffect] register effect [ç¿ïW]
[10/07 22:26:32] [INFO] [Effect::EffectService::registerEffect] register effect [ägëÂó¶]
[10/07 22:26:32] [INFO] [Effect::EffectService::registerEffect] register effect [ìßñæìx]
[10/07 22:26:32] [INFO] [Effect::EffectService::registerEffect] register effect [âÒì]]
[10/07 22:26:32] [INFO] [Effect::EffectService::registerEffect] register effect [óÃàÊägí£]
[10/07 22:26:32] [INFO] [Effect::EffectService::registerEffect] register effect [ÉçÅ[ÉeÅ[ÉVÉáÉì]
[10/07 22:26:32] [INFO] [Effect::EffectService::registerEffect] register effect [îΩì]]
[10/07 22:26:32] [INFO] [Effect::EffectService::registerEffect] register effect [âπó ÉtÉFÅ[Éh]
[10/07 22:26:32] [INFO] [Effect::EffectService::registerEffect] register effect [ÉÇÉmÉâÉãâª]
[10/07 22:26:32] [INFO] [Effect::EffectService::registerEffect] register effect [âπó í≤êÆ]
[10/07 22:26:32] [INFO] [Effect::EffectService::registerEffect] register effect [ÉtÉBÉãÉ^ÉIÉuÉWÉFÉNÉg]
[10/07 22:26:32] [INFO] [Effect::EffectService::registerEffect] register effect [èWíÜê¸]
[10/07 22:26:32] [INFO] [Effect::EffectService::registerEffect] register effect [ëñç∏ê¸]
[10/07 22:26:32] [INFO] [Effect::EffectService::registerEffect] register effect [ÉJÉEÉìÉ^Å[]
[10/07 22:26:32] [INFO] [Effect::EffectService::registerEffect] register effect [ÉåÉìÉYÉtÉåÉA]
[10/07 22:26:32] [INFO] [Effect::EffectService::registerEffect] register effect [â_]
[10/07 22:26:32] [INFO] [Effect::EffectService::registerEffect] register effect [êØ]
[10/07 22:26:32] [INFO] [Effect::EffectService::registerEffect] register effect [ê·]
[10/07 22:26:32] [INFO] [Effect::EffectService::registerEffect] register effect [âJ]
[10/07 22:26:32] [INFO] [Effect::EffectService::registerEffect] register effect [ÉâÉìÉ_ÉÄè¨ï®îzíu(ÉJÉÅÉâêßå‰)]
[10/07 22:26:32] [INFO] [Effect::EffectService::registerEffect] register effect [ÉâÉCÉì(à⁄ìÆãOê’)]
[10/07 22:26:32] [INFO] [Effect::EffectService::registerEffect] register effect [êÓå^]
[10/07 22:26:32] [INFO] [Effect::EffectService::registerEffect] register effect [ëΩäpå`]
[10/07 22:26:32] [INFO] [Effect::EffectService::registerEffect] register effect [é¸ï”É{ÉPåıó ]
[10/07 22:26:32] [INFO] [Effect::EffectService::registerEffect] register effect [ÉtÉåÉA]
[10/07 22:26:32] [INFO] [Effect::EffectService::registerEffect] register effect [êÖñ ]
[10/07 22:26:32] [INFO] [Effect::EffectService::registerEffect] register effect [êkÇ¶ÇÈ]
[10/07 22:26:32] [INFO] [Effect::EffectService::registerEffect] register effect [êUÇËéq]
[10/07 22:26:32] [INFO] [Effect::EffectService::registerEffect] register effect [íeÇﬁ]
[10/07 22:26:32] [INFO] [Effect::EffectService::registerEffect] register effect [ç¿ïWÇÃägëÂèkè¨(å¬ï ÉIÉuÉWÉFÉNÉg)]
[10/07 22:26:32] [INFO] [Effect::EffectService::registerEffect] register effect [âÊñ äOÇ©ÇÁìoèÍ]
[10/07 22:26:32] [INFO] [Effect::EffectService::registerEffect] register effect [ÉâÉìÉ_ÉÄï˚å¸Ç©ÇÁìoèÍ]
[10/07 22:26:32] [INFO] [Effect::EffectService::registerEffect] register effect [ägëÂèkè¨ÇµÇƒìoèÍ]
[10/07 22:26:32] [INFO] [Effect::EffectService::registerEffect] register effect [ÉâÉìÉ_ÉÄä‘äuÇ≈óéÇøÇ»Ç™ÇÁìoèÍ]
[10/07 22:26:32] [INFO] [Effect::EffectService::registerEffect] register effect [íeÇÒÇ≈ìoèÍ]
[10/07 22:26:32] [INFO] [Effect::EffectService::registerEffect] register effect [çLÇ™Ç¡ÇƒìoèÍ]
[10/07 22:26:32] [INFO] [Effect::EffectService::registerEffect] register effect [ãNÇ´è„Ç™Ç¡ÇƒìoèÍ]
[10/07 22:26:32] [INFO] [Effect::EffectService::registerEffect] register effect [âΩèàÇ©ÇÁÇ∆Ç‡Ç»Ç≠ìoèÍ]
[10/07 22:26:32] [INFO] [Effect::EffectService::registerEffect] register effect [îΩïúà⁄ìÆ]
[10/07 22:26:32] [INFO] [Effect::EffectService::registerEffect] register effect [ç¿ïWÇÃâÒì](å¬ï ÉIÉuÉWÉFÉNÉg)]
[10/07 22:26:32] [INFO] [Effect::EffectService::registerEffect] register effect [óßï˚ëÃ(ÉJÉÅÉâêßå‰)]
[10/07 22:26:32] [INFO] [Effect::EffectService::registerEffect] register effect [ãÖëÃ(ÉJÉÅÉâêßå‰)]
[10/07 22:26:32] [INFO] [Effect::EffectService::registerEffect] register effect [ç”ÇØéUÇÈ]
[10/07 22:26:32] [INFO] [Effect::EffectService::registerEffect] register effect [ì_ñ≈]
[10/07 22:26:32] [INFO] [Effect::EffectService::registerEffect] register effect [ì_ñ≈ÇµÇƒìoèÍ]
[10/07 22:26:32] [INFO] [Effect::EffectService::registerEffect] register effect [ä»à’ïœå`]
[10/07 22:26:32] [INFO] [Effect::EffectService::registerEffect] register effect [ä»à’ïœå`(ÉJÉÅÉâêßå‰)]
[10/07 22:26:32] [INFO] [Effect::EffectService::registerEffect] register effect [ÉäÅ[ÉãâÒì]]
[10/07 22:26:32] [INFO] [Effect::EffectService::registerEffect] register effect [ñúâÿãæ]
[10/07 22:26:32] [INFO] [Effect::EffectService::registerEffect] register effect [â~å`îzíu]
[10/07 22:26:32] [INFO] [Effect::EffectService::registerEffect] register effect [ÉâÉìÉ_ÉÄîzíu]
[10/07 22:26:32] [INFO] [Effect::EffectService::registerEffect] register effect [É~ÉâÅ[]
[10/07 22:26:32] [INFO] [Effect::EffectService::registerEffect] register effect [ó±éqâª]
[10/07 22:26:32] [INFO] [Effect::EffectService::registerEffect] register effect [ÉÅÉbÉVÉÖïœå`]
[10/07 22:26:32] [INFO] [Effect::EffectService::registerEffect] register effect [óhÇÁÇ¨]
[10/07 22:26:32] [INFO] [Effect::EffectService::registerEffect] register effect [éËÇ‘ÇÍ]
[10/07 22:26:32] [INFO] [Effect::EffectService::registerEffect] register effect [ñ⁄ïWíÜêSâÒì]]
[10/07 22:26:32] [INFO] [Effect::EffectService::registerEffect] register effect [ñ⁄ïWÉTÉCÉYå≈íËéãñÏäp]
[10/07 22:26:32] [INFO] [Effect::EffectService::registerEffect] register effect [î≠åı(ÉVÅ[ÉìÉ`ÉFÉìÉW)]
[10/07 22:26:32] [INFO] [Effect::EffectService::registerEffect] register effect [ÉåÉìÉYÉuÉâÅ[(ÉVÅ[ÉìÉ`ÉFÉìÉW)]
[10/07 22:26:32] [INFO] [Effect::EffectService::registerEffect] register effect [ÉhÉA(ÉVÅ[ÉìÉ`ÉFÉìÉW)]
[10/07 22:26:32] [INFO] [Effect::EffectService::registerEffect] register effect [ãNÇ´è„Ç™ÇÈ(ÉVÅ[ÉìÉ`ÉFÉìÉW)]
[10/07 22:26:32] [INFO] [Effect::EffectService::registerEffect] register effect [ÉäÅ[ÉãâÒì](ÉVÅ[ÉìÉ`ÉFÉìÉW)]
[10/07 22:26:32] [INFO] [Effect::EffectService::registerEffect] register effect [ê}å`ÉèÉCÉv(ÉVÅ[ÉìÉ`ÉFÉìÉW)]
[10/07 22:26:32] [INFO] [Effect::EffectService::registerEffect] register effect [ê}å`Ç≈âBÇ∑(ÉVÅ[ÉìÉ`ÉFÉìÉW)]
[10/07 22:26:32] [INFO] [Effect::EffectService::registerEffect] register effect [ê}å`Ç≈âBÇ∑(ï˙éÀ)(ÉVÅ[ÉìÉ`ÉFÉìÉW)]
[10/07 22:26:32] [INFO] [Effect::EffectService::registerEffect] register effect [ç”ÇØéUÇÈ(ÉVÅ[ÉìÉ`ÉFÉìÉW)]
[10/07 22:26:32] [INFO] [Effect::EffectService::registerEffect] register effect [ÉyÅ[ÉWÇﬂÇ≠ÇË(ÉVÅ[ÉìÉ`ÉFÉìÉW)]
[10/07 22:26:32] [INFO] [Effect::EffectService::registerMovement] register movement [îΩïúà⁄ìÆ]
[10/07 22:26:32] [INFO] [Effect::EffectService::registerMovement] register movement [âÒì]]
[10/07 22:26:32] [INFO] [Effect::EffectService::registerEffect] register effect [Drum]
[10/07 22:26:32] [INFO] [Effect::EffectService::registerEffect] register effect [Kaiwai Phrase]
[10/07 22:26:32] [INFO] [Effect::EffectService::registerEffect] register effect [Synth Solo]
[10/07 22:26:32] [INFO] [Effect::EffectService::registerEffect] register effect [HTMLÉ^ÉCÉgÉã]
[10/07 22:26:32] [INFO] [Effect::EffectService::registerEffect] register effect [ÉtÉåÅ[ÉÄåüèÿ]
[10/07 22:26:32] [INFO] [Effect::EffectService::registerEffect] register effect [Native Alpha noSmooth]
[10/07 22:26:32] [INFO] [Effect::EffectService::registerEffect] register effect [Native Animated noSmooth]
[10/07 22:26:32] [INFO] [Effect::EffectService::registerEffect] register effect [Native Image Default]
[10/07 22:26:32] [INFO] [Effect::EffectService::registerEffect] register effect [Native Image noSmooth]
[10/07 22:26:32] [INFO] [Effect::EffectService::registerEffect] register effect [Native Shapes Default]
[10/07 22:26:32] [INFO] [Effect::EffectService::registerEffect] register effect [Native Shapes noSmooth]
[10/07 22:26:32] [INFO] [Effect::EffectService::registerEffect] register effect [Native Text Default]
[10/07 22:26:32] [INFO] [Effect::EffectService::registerEffect] register effect [Native Text noSmooth]
[10/07 22:26:32] [INFO] [Effect::EffectService::registerEffect] register effect [MIDI Pattern Grid]
[10/07 22:26:32] [INFO] [Effect::MovementParamsManager::registerMovementParams] register movement params [ìôë¨à⁄ìÆ]
[10/07 22:26:32] [INFO] [Effect::MovementParamsManager::registerMovementParams] register movement params [â¡ë¨à⁄ìÆ]
[10/07 22:26:32] [INFO] [Effect::MovementParamsManager::registerMovementParams] register movement params [å∏ë¨à⁄ìÆ]
[10/07 22:26:32] [INFO] [Effect::MovementParamsManager::registerMovementParams] register movement params [â¡å∏ë¨à⁄ìÆ]
[10/07 22:26:32] [INFO] [Effect::PaletteManager::registerPalette] register palette [default]
[10/07 22:26:32] [INFO] [Effect::PaletteManager::reloadPresetColor] register preset color [white]
[10/07 22:26:32] [INFO] [Effect::PaletteManager::reloadPresetColor] register preset color [red]
[10/07 22:26:32] [INFO] [Effect::PaletteManager::reloadPresetColor] register preset color [yellow]
[10/07 22:26:32] [INFO] [Effect::PaletteManager::reloadPresetColor] register preset color [green]
[10/07 22:26:32] [INFO] [Effect::PaletteManager::reloadPresetColor] register preset color [aqua]
[10/07 22:26:32] [INFO] [Effect::PaletteManager::reloadPresetColor] register preset color [blue]
[10/07 22:26:32] [INFO] [Effect::PaletteManager::reloadPresetColor] register preset color [magenta]
[10/07 22:26:32] [INFO] [Effect::PaletteManager::reloadPresetColor] register preset color [black]
[10/07 22:26:32] [INFO] [Plugin::InputService::updateExtTypeList] [Video] bmp -> [Uncompressed Image File Reader]
[10/07 22:26:32] [INFO] [Plugin::InputService::updateExtTypeList] [Image] bmp -> [Uncompressed Image File Reader]
[10/07 22:26:32] [INFO] [Plugin::InputService::updateExtTypeList] [Video] tga -> [Uncompressed Image File Reader]
[10/07 22:26:32] [INFO] [Plugin::InputService::updateExtTypeList] [Image] tga -> [Uncompressed Image File Reader]
[10/07 22:26:32] [INFO] [Plugin::InputService::updateExtTypeList] [Video] png -> [WIC image file reader]
[10/07 22:26:32] [INFO] [Plugin::InputService::updateExtTypeList] [Image] png -> [WIC image file reader]
[10/07 22:26:32] [INFO] [Plugin::InputService::updateExtTypeList] [Video] jpg -> [WIC image file reader]
[10/07 22:26:32] [INFO] [Plugin::InputService::updateExtTypeList] [Image] jpg -> [WIC image file reader]
[10/07 22:26:32] [INFO] [Plugin::InputService::updateExtTypeList] [Video] bmp -> [WIC image file reader]
[10/07 22:26:32] [INFO] [Plugin::InputService::updateExtTypeList] [Image] bmp -> [WIC image file reader]
[10/07 22:26:32] [INFO] [Plugin::InputService::updateExtTypeList] [Video] gif -> [WIC image file reader]
[10/07 22:26:32] [INFO] [Plugin::InputService::updateExtTypeList] [Image] gif -> [WIC image file reader]
[10/07 22:26:32] [INFO] [Plugin::InputService::updateExtTypeList] [Video] avi -> [AVI/AVI2 File Reader]
[10/07 22:26:32] [INFO] [Plugin::InputService::updateExtTypeList] [Audio] avi -> [AVI/AVI2 File Reader]
[10/07 22:26:32] [INFO] [Plugin::InputService::updateExtTypeList] [Audio] wav -> [Wave File Reader]
[10/07 22:26:32] [INFO] [Plugin::InputService::updateExtTypeList] [FileDrop] obj -> [ÉÇÉfÉãÉIÉuÉWÉFÉNÉg]
[10/07 22:26:32] [INFO] [Plugin::InputService::updateExtTypeList] [FileDrop] txt -> [ÉeÉLÉXÉgÉIÉuÉWÉFÉNÉg]
[10/07 22:26:32] [INFO] [Plugin::InputService::updateExtTypeList] [FileDrop] svg -> [ê}å`ÉIÉuÉWÉFÉNÉg]
[10/07 22:26:32] [VERBOSE] [System::IniFile::loadFile] load ini file : E:\Downloads\web_render_aux2_prototype\web-render\.aviutl2-cli\development\data\history.ini (section=1)
[10/07 22:26:32] [VERBOSE] [System::IniFile::loadFile] load ini file : E:\Downloads\web_render_aux2_prototype\web-render\.aviutl2-cli\development\data\explorer.ini (section=0)
[10/07 22:26:33] [INFO] [Edit::EditService::parseCommandLine] project : \\?\E:\Downloads\web_render_aux2_prototype\web-render\.local-tests\au2-warnings-p5.aup2
[10/07 22:26:33] [INFO] [Plugin::web-render.aux2] [web_render_aux2] No web project configured in this project file.
[10/07 22:26:33] [INFO] [Edit::EditService::updateScene] set current scnene [Root](0)
[10/07 22:26:33] [INFO] [Edit::EditService::loadProject] load project file : \\?\E:\Downloads\web_render_aux2_prototype\web-render\.local-tests\au2-warnings-p5.aup2
[10/07 22:26:33] [VERBOSE] [Render::RenderVideoWorker::requestRenderingFrame::<lambda_cce0aaad57625da48ea49cdf35315a3f>::operator ()] rendered video frame [0](0) 3.216 ms
[10/07 22:26:33] [VERBOSE] [System::IniFile::loadFile] load ini file : \\?\E:\Downloads\web_render_aux2_prototype\web-render\.local-tests\au2-warnings-p5.aup2 (section=6)
[10/07 22:26:33] [INFO] [Plugin::web-render.aux2] [web_render_aux2] Loaded project directory from project file: E:\Downloads\web_render_aux2_prototype\web-render\.local-tests\p5js
[10/07 22:26:33] [INFO] [Plugin::web-render.aux2] [web_render_aux2] Setting project directory to: E:\Downloads\web_render_aux2_prototype\web-render\.local-tests\p5js
[10/07 22:26:33] [INFO] [Edit::EditService::updateScene] set current scnene [Root](0)
[10/07 22:26:33] [INFO] [Plugin::LuaModule::loadModule] load script module [luaJIT.dll]
[10/07 22:26:33] [INFO] [Plugin::web-render.aux2] [web_render_aux2] Starting web-render-cef server on port 49499
[10/07 22:26:33] [INFO] [Plugin::web-render.aux2] [web_render_aux2] Launching web-render-cef server: Command { std: "E:\\Downloads\\web_render_aux2_prototype\\web-render\\.aviutl2-cli\\development\\data\\Plugin\\web-render\\web-render-cef-server.exe" "--port" "49499" "--parent-process" "43188", kill_on_drop: true }
[10/07 22:26:33] [VERBOSE] [Plugin::web-render.aux2] [web_render_aux2::module] Rendering 1 uncached requests for effect_id 165
[10/07 22:26:33] [VERBOSE] [Plugin::web-render.aux2] [hyper_util::client::legacy::connect::http] connecting to [::1]:49499
[10/07 22:26:33] [VERBOSE] [Plugin::web-render.aux2] [web_render_aux2] [web-render-cef-server stdout] 2026-10-07T13:26:33.149050Z  INFO main ThreadId(01) web_render_cef_server::cef_app: launch browser process 58960
[10/07 22:26:33] [VERBOSE] [Plugin::web-render.aux2] [web_render_aux2] [web-render-cef-server stdout] 2026-10-07T13:26:33.319906Z  INFO main ThreadId(01) web_render_cef_server: Starting gRPC server on [::1]:49499
[10/07 22:26:33] [VERBOSE] [Plugin::web-render.aux2] [web_render_aux2] [web-render-cef-server stdout] 2026-10-07T13:26:33.351815Z DEBUG tokio-rt-worker ThreadId(02) web_render_cef_server::parent_process: Parent process check finished elapsed_ms=29.1454
[10/07 22:26:33] [VERBOSE] [Plugin::web-render.aux2] [web_render_aux2] [web-render-cef-server stdout] 2026-10-07T13:26:33.596383Z TRACE            main ThreadId(01) web_render_cef_server::handlers: Received software paint from CEF
[10/07 22:26:33] [VERBOSE] [Plugin::web-render.aux2] [web_render_aux2] [web-render-cef-server stdout] 2026-10-07T13:26:33.596426Z DEBUG            main ThreadId(01) web_render_cef_server::render_loop: Software paint received: 4096x2304
[10/07 22:26:33] [VERBOSE] [Plugin::web-render.aux2] [hyper_util::client::legacy::connect::http] connected to [::1]:49499
[10/07 22:26:33] [VERBOSE] [Plugin::web-render.aux2] [h2::client] binding client connection
[10/07 22:26:33] [VERBOSE] [Plugin::web-render.aux2] [h2::client] client connection bound
[10/07 22:26:33] [VERBOSE] [Plugin::web-render.aux2] [h2::codec::framed_write] send frame=Settings { flags: (0x0), enable_push: 0, initial_window_size: 2097152, max_frame_size: 16384, max_header_list_size: 16384 }
[10/07 22:26:33] [VERBOSE] [Plugin::web-render.aux2] [h2::codec::framed_write] send frame=WindowUpdate { stream_id: StreamId(0), size_increment: 5177345 }
[10/07 22:26:33] [VERBOSE] [Plugin::web-render.aux2] [tower::buffer::worker] service.ready=true processing request
[10/07 22:26:33] [VERBOSE] [Plugin::web-render.aux2] [h2::codec::framed_read] received frame=Settings { flags: (0x0), initial_window_size: 229376, max_frame_size: 16777215, max_header_list_size: 16384 }
[10/07 22:26:33] [VERBOSE] [Plugin::web-render.aux2] [h2::codec::framed_write] send frame=Settings { flags: (0x1: ACK) }
[10/07 22:26:33] [VERBOSE] [Plugin::web-render.aux2] [h2::codec::framed_read] received frame=WindowUpdate { stream_id: StreamId(0), size_increment: 163841 }
[10/07 22:26:33] [VERBOSE] [Plugin::web-render.aux2] [h2::codec::framed_write] send frame=Headers { stream_id: StreamId(1), flags: (0x4: END_HEADERS) }
[10/07 22:26:33] [VERBOSE] [Plugin::web-render.aux2] [h2::codec::framed_read] received frame=Settings { flags: (0x1: ACK) }
[10/07 22:26:33] [VERBOSE] [Plugin::web-render.aux2] [h2::proto::settings] received settings ACK; applying Settings { flags: (0x0), enable_push: 0, initial_window_size: 2097152, max_frame_size: 16384, max_header_list_size: 16384 }
[10/07 22:26:33] [VERBOSE] [Plugin::web-render.aux2] [h2::codec::framed_write] send frame=Data { stream_id: StreamId(1) }
[10/07 22:26:33] [VERBOSE] [Plugin::web-render.aux2] [h2::codec::framed_write] send frame=Data { stream_id: StreamId(1), flags: (0x1: END_STREAM) }
[10/07 22:26:33] [VERBOSE] [Plugin::web-render.aux2] [web_render_aux2] [web-render-cef-server stdout] 2026-10-07T13:26:33.634223Z  INFO            main ThreadId(01) web_render_cef_server::server: Received initialize request: InitializeRequest { root_path: "E:\\Downloads\\web_render_aux2_prototype\\web-render\\.local-tests\\p5js" }
[10/07 22:26:33] [VERBOSE] [Plugin::web-render.aux2] [web_render_aux2] [web-render-cef-server stdout] 2026-10-07T13:26:33.641868Z  INFO            main ThreadId(01) web_render_cef_server::server: Started vi5 process with PID: 43832
[10/07 22:26:34] [VERBOSE] [Plugin::web-render.aux2] [web_render_aux2] [web-render-cef-server stdout] 2026-10-07T13:26:34.158925Z  INFO            main ThreadId(01) web_render_cef_server::render_loop: Loading URL for initialization: http://localhost:49511/vi5
[10/07 22:26:34] [VERBOSE] [Plugin::web-render.aux2] [web_render_aux2] [web-render-cef-server stdout] 2026-10-07T13:26:34.776083Z TRACE            main ThreadId(01) web_render_cef_server::handlers: Received software paint from CEF
[10/07 22:26:34] [VERBOSE] [Plugin::web-render.aux2] [web_render_aux2] [web-render-cef-server stdout] 2026-10-07T13:26:34.776118Z DEBUG            main ThreadId(01) web_render_cef_server::render_loop: Software paint received: 4096x2304
[10/07 22:26:34] [VERBOSE] [Plugin::web-render.aux2] [web_render_aux2] [web-render-cef-server stdout] 2026-10-07T13:26:34.776173Z  INFO            main ThreadId(01) web_render_cef_server::render_loop: Page initialization complete
[10/07 22:26:34] [VERBOSE] [Plugin::web-render.aux2] [web_render_aux2] [web-render-cef-server stdout] 2026-10-07T13:26:34.776207Z DEBUG            main ThreadId(01) web_render_cef_server::render_loop: Paint callback for nonce 0 completed and removed
[10/07 22:26:34] [VERBOSE] [Plugin::web-render.aux2] [web_render_aux2] [web-render-cef-server stdout] 2026-10-07T13:26:34.778063Z  INFO            main ThreadId(01) web_render_cef_server::server: Initialization completed: InitializeResponse { project_name: "p5-midi-test", renderer_version: "1.0.0" }
[10/07 22:26:34] [VERBOSE] [Plugin::web-render.aux2] [h2::codec::framed_read] received frame=Headers { stream_id: StreamId(1), flags: (0x4: END_HEADERS) }
[10/07 22:26:34] [VERBOSE] [Plugin::web-render.aux2] [h2::codec::framed_read] received frame=Data { stream_id: StreamId(1) }
[10/07 22:26:34] [VERBOSE] [Plugin::web-render.aux2] [h2::codec::framed_read] received frame=Headers { stream_id: StreamId(1), flags: (0x5: END_HEADERS | END_STREAM) }
[10/07 22:26:34] [INFO] [Plugin::web-render.aux2] [web_render_aux2] web-render-cef initialized successfully.
[10/07 22:26:34] [VERBOSE] [Plugin::web-render.aux2] [tower::buffer::worker] service.ready=true processing request
[10/07 22:26:34] [VERBOSE] [Plugin::web-render.aux2] [tower::buffer::worker] service.ready=true processing request
[10/07 22:26:34] [VERBOSE] [Plugin::web-render.aux2] [h2::codec::framed_write] send frame=Headers { stream_id: StreamId(3), flags: (0x4: END_HEADERS) }
[10/07 22:26:34] [VERBOSE] [Plugin::web-render.aux2] [h2::codec::framed_write] send frame=Headers { stream_id: StreamId(5), flags: (0x4: END_HEADERS) }
[10/07 22:26:34] [VERBOSE] [Plugin::web-render.aux2] [h2::codec::framed_write] send frame=Data { stream_id: StreamId(3) }
[10/07 22:26:34] [VERBOSE] [Plugin::web-render.aux2] [h2::codec::framed_write] send frame=Data { stream_id: StreamId(5) }
[10/07 22:26:34] [VERBOSE] [Plugin::web-render.aux2] [h2::codec::framed_write] send frame=Data { stream_id: StreamId(3), flags: (0x1: END_STREAM) }
[10/07 22:26:34] [VERBOSE] [Plugin::web-render.aux2] [h2::codec::framed_write] send frame=Data { stream_id: StreamId(5), flags: (0x1: END_STREAM) }
[10/07 22:26:34] [VERBOSE] [Plugin::web-render.aux2] [web_render_aux2] [web-render-cef-server stdout] 2026-10-07T13:26:34.781293Z  INFO            main ThreadId(01) web_render_cef_server::server: Received batch render request: BatchRenderRequest { render_requests: [RenderRequest { render_nonce: 1, object: "midi-pattern-grid", object_id: 165, frame_info: Some(FrameInfo { x: 0.0, y: 0.0, z: 0.0, screen_width: 1920, screen_height: 1080, current_frame: 0, current_time: 0.0, total_frames: 240, total_time: 8.0, framerate: 30.0, global_frame: 0, global_time: 0.0 }), parameters: [Parameter { key: "baseNote", value: Some(NumberValue(0.0)) }, Parameter { key: "cellHeight", value: Some(NumberValue(88.0)) }, Parameter { key: "cellWidth", value: Some(NumberValue(88.0)) }, Parameter { key: "ditherMode", value: Some(StrValue("bayer4")) }, Parameter { key: "ditherScale", value: Some(NumberValue(1.0)) }, Parameter { key: "midiPath", value: Some(StrValue("/song.mid")) }, Parameter { key: "originX", value: Some(NumberValue
[10/07 22:26:34] [VERBOSE] [Plugin::web-render.aux2] (8.0)) }, Parameter { key: "originY", value: Some(NumberValue(8.0)) }, Parameter { key: "spacingX", value: Some(NumberValue(104.0)) }, Parameter { key: "spacingY", value: Some(NumberValue(104.0)) }, Parameter { key: "syncGlobal", value: Some(BoolValue(false)) }, Parameter { key: "track", value: Some(NumberValue(1.0)) }], is_offline: false }] }
[10/07 22:26:34] [VERBOSE] [Plugin::web-render.aux2] [web_render_aux2] [web-render-cef-server stdout] 2026-10-07T13:26:34.781369Z DEBUG            main ThreadId(01) web_render_cef_server::render_loop: Starting batch render with 1 requests
[10/07 22:26:34] [VERBOSE] [Plugin::web-render.aux2] [web_render_aux2] [web-render-cef-server stdout] 2026-10-07T13:26:34.781483Z DEBUG            main ThreadId(01) web_render_cef_server::render_loop: Executing JS to request frame with nonce 1846879266: window.__vi5__.render(1846879266, 'CrACCAESEW1pZGktcGF0dGVybi1ncmlkGKUBIhsggA8ouAhA8AFJAAAAAAAAIEBRAAAAAAAAPkAqEwoIYmFzZU5vdGUhAAAAAAAAAAAqFQoKY2VsbEhlaWdodCEAAAAAAABWQCoUCgljZWxsV2lkdGghAAAAAAAAVkAqFAoKZGl0aGVyTW9kZRIGYmF5ZXI0KhYKC2RpdGhlclNjYWxlIQAAAAAAAPA/KhUKCG1pZGlQYXRoEgkvc29uZy5taWQqEgoHb3JpZ2luWCEAAAAAAAAgQCoSCgdvcmlnaW5ZIQAAAAAAACBAKhMKCHNwYWNpbmdYIQAAAAAAAFpAKhMKCHNwYWNpbmdZIQAAAAAAAFpAKg4KCnN5bmNHbG9iYWwoACoQCgV0cmFjayEAAAAAAADwPw==');
[10/07 22:26:34] [VERBOSE] [Plugin::web-render.aux2] [web_render_aux2] [web-render-cef-server stdout] 2026-10-07T13:26:34.781504Z DEBUG            main ThreadId(01) web_render_cef_server::render_loop: Requesting frame with nonce 1846879266
[10/07 22:26:34] [VERBOSE] [Plugin::web-render.aux2] [h2::codec::framed_read] received frame=Headers { stream_id: StreamId(3), flags: (0x4: END_HEADERS) }
[10/07 22:26:34] [INFO] [Plugin::web-render.aux2] [web_render_aux2] Started notification listener task
[10/07 22:26:34] [VERBOSE] [Plugin::web-render.aux2] [web_render_aux2] [web-render-cef-server stdout] 2026-10-07T13:26:34.802348Z TRACE            main ThreadId(01) web_render_cef_server::handlers: Received software paint from CEF
[10/07 22:26:34] [VERBOSE] [Plugin::web-render.aux2] [web_render_aux2] [web-render-cef-server stdout] 2026-10-07T13:26:34.802417Z DEBUG            main ThreadId(01) web_render_cef_server::render_loop: Software paint received: 4096x2304
[10/07 22:26:34] [VERBOSE] [Plugin::web-render.aux2] [web_render_aux2] [web-render-cef-server stdout] 2026-10-07T13:26:34.802540Z DEBUG            main ThreadId(01) web_render_cef_server::render_loop: Paint callback for nonce 1 processed frame, waiting for more frames
[10/07 22:26:34] [VERBOSE] [Plugin::web-render.aux2] [h2::codec::framed_read] received frame=Data { stream_id: StreamId(3) }
[10/07 22:26:34] [INFO] [Plugin::web-render.aux2] [web_render_aux2] Received object infos notification with 1 objects
[10/07 22:26:34] [INFO] [Plugin::web-render.aux2] [web_render_aux2] Project script directory: "E:\\Downloads\\web_render_aux2_prototype\\web-render\\.aviutl2-cli\\development\\data\\Script\\web-render.aux2_p5-midi-test"
[10/07 22:26:34] [INFO] [Plugin::web-render.aux2] [web_render_aux2] Loaded script for object 'midi-pattern-grid': "E:\\Downloads\\web_render_aux2_prototype\\web-render\\.aviutl2-cli\\development\\data\\Script\\web-render.aux2_p5-midi-test\\MIDI Pattern Grid.obj2"
[10/07 22:26:34] [VERBOSE] [Plugin::web-render.aux2] [web_render_aux2] Comparing existing and new script contents for object 'midi-pattern-grid'
[10/07 22:26:34] [VERBOSE] [Plugin::web-render.aux2] [web_render_aux2] Existing headers:
[10/07 22:26:34] [VERBOSE] [Plugin::web-render.aux2] --value@WEB_RENDER_AUX2_midiPath:MIDI Path,"/song.mid"
[10/07 22:26:34] [VERBOSE] [Plugin::web-render.aux2] --track@WEB_RENDER_AUX2_track:Track (1-based),1,256,1,1
[10/07 22:26:34] [VERBOSE] [Plugin::web-render.aux2] --check@WEB_RENDER_AUX2_syncGlobal:Global Sync,false
[10/07 22:26:34] [VERBOSE] [Plugin::web-render.aux2] --track@WEB_RENDER_AUX2_baseNote:Base Note Offset,-127,127,0,1
[10/07 22:26:34] [VERBOSE] [Plugin::web-render.aux2] --track@WEB_RENDER_AUX2_cellWidth:Cell Width,8,512,88,1
[10/07 22:26:34] [VERBOSE] [Plugin::web-render.aux2] --track@WEB_RENDER_AUX2_cellHeight:Cell Height,8,512,88,1
[10/07 22:26:34] [VERBOSE] [Plugin::web-render.aux2] --track@WEB_RENDER_AUX2_spacingX:Horizontal Spacing,1,1024,104,1
[10/07 22:26:34] [VERBOSE] [Plugin::web-render.aux2] --track@WEB_RENDER_AUX2_spacingY:Vertical Spacing,1,1024,104,1
[10/07 22:26:34] [VERBOSE] [Plugin::web-render.aux2] --track@WEB_RENDER_AUX2_originX:Origin X,0,2048,8,1
[10/07 22:26:34] [VERBOSE] [Plugin::web-render.aux2] --track@WEB_RENDER_AUX2_originY:Origin Y,0,2048,8,1
[10/07 22:26:34] [VERBOSE] [Plugin::web-render.aux2] --track@WEB_RENDER_AUX2_ditherScale:Dither Pixel Size,1,16,1,1
[10/07 22:26:34] [VERBOSE] [Plugin::web-render.aux2] --value@WEB_RENDER_AUX2_ditherMode:Dither Mode,"bayer4"
[10/07 22:26:34] [VERBOSE] [Plugin::web-render.aux2] --label:web-render.aux2\p5-midi-test
[10/07 22:26:34] [VERBOSE] [Plugin::web-render.aux2] --group:Performance
[10/07 22:26:34] [VERBOSE] [Plugin::web-render.aux2] --track@batch_size:Batch Size,0,50,0,1
[10/07 22:26:34] [VERBOSE] [Plugin::web-render.aux2] --check@freeze:Freeze,false
[10/07 22:26:34] [VERBOSE] [Plugin::web-render.aux2] [web_render_aux2] New headers:
[10/07 22:26:34] [VERBOSE] [Plugin::web-render.aux2] --value@WEB_RENDER_AUX2_midiPath:MIDI Path,"/song.mid"
[10/07 22:26:34] [VERBOSE] [Plugin::web-render.aux2] --track@WEB_RENDER_AUX2_track:Track (1-based),1,256,1,1
[10/07 22:26:34] [VERBOSE] [Plugin::web-render.aux2] --check@WEB_RENDER_AUX2_syncGlobal:Global Sync,false
[10/07 22:26:34] [VERBOSE] [Plugin::web-render.aux2] --track@WEB_RENDER_AUX2_baseNote:Base Note Offset,-127,127,0,1
[10/07 22:26:34] [VERBOSE] [Plugin::web-render.aux2] --track@WEB_RENDER_AUX2_cellWidth:Cell Width,8,512,88,1
[10/07 22:26:34] [VERBOSE] [Plugin::web-render.aux2] --track@WEB_RENDER_AUX2_cellHeight:Cell Height,8,512,88,1
[10/07 22:26:34] [VERBOSE] [Plugin::web-render.aux2] --track@WEB_RENDER_AUX2_spacingX:Horizontal Spacing,1,1024,104,1
[10/07 22:26:34] [VERBOSE] [Plugin::web-render.aux2] --track@WEB_RENDER_AUX2_spacingY:Vertical Spacing,1,1024,104,1
[10/07 22:26:34] [VERBOSE] [Plugin::web-render.aux2] --track@WEB_RENDER_AUX2_originX:Origin X,0,2048,8,1
[10/07 22:26:34] [VERBOSE] [Plugin::web-render.aux2] --track@WEB_RENDER_AUX2_originY:Origin Y,0,2048,8,1
[10/07 22:26:34] [VERBOSE] [Plugin::web-render.aux2] --track@WEB_RENDER_AUX2_ditherScale:Dither Pixel Size,1,16,1,1
[10/07 22:26:34] [VERBOSE] [Plugin::web-render.aux2] --value@WEB_RENDER_AUX2_ditherMode:Dither Mode,"bayer4"
[10/07 22:26:34] [VERBOSE] [Plugin::web-render.aux2] --label:web-render.aux2\p5-midi-test
[10/07 22:26:34] [VERBOSE] [Plugin::web-render.aux2] --group:Performance
[10/07 22:26:34] [VERBOSE] [Plugin::web-render.aux2] --track@batch_size:Batch Size,0,50,0,1
[10/07 22:26:34] [VERBOSE] [Plugin::web-render.aux2] --check@freeze:Freeze,false
[10/07 22:26:34] [INFO] [Plugin::web-render.aux2] [web_render_aux2] Script file for object 'midi-pattern-grid' is up to date: "E:\\Downloads\\web_render_aux2_prototype\\web-render\\.aviutl2-cli\\development\\data\\Script\\web-render.aux2_p5-midi-test\\MIDI Pattern Grid.obj2"
[10/07 22:26:34] [INFO] [Plugin::web-render.aux2] [web_render_aux2] Script directory is up to date.
[10/07 22:26:34] [INFO] [Plugin::web-render.aux2] [web_render_aux2] vi5 notification: 2026-10-07 13:26:34.728 +00:00 [info] [vi5]: Vi5 Client Runtime initialized.
[10/07 22:26:34] [VERBOSE] [Plugin::web-render.aux2] [web_render_aux2] [web-render-cef-server stdout] 2026-10-07T13:26:34.947107Z TRACE            main ThreadId(01) web_render_cef_server::handlers: Received software paint from CEF
[10/07 22:26:34] [VERBOSE] [Plugin::web-render.aux2] [web_render_aux2] [web-render-cef-server stdout] 2026-10-07T13:26:34.947148Z DEBUG            main ThreadId(01) web_render_cef_server::render_loop: Software paint received: 4096x2304
[10/07 22:26:34] [VERBOSE] [Plugin::web-render.aux2] [web_render_aux2] [web-render-cef-server stdout] 2026-10-07T13:26:34.956650Z DEBUG            main ThreadId(01) web_render_cef_server::render_loop: All render responses received for nonce 1846879266, took 175.2656ms
[10/07 22:26:34] [VERBOSE] [Plugin::web-render.aux2] [web_render_aux2] [web-render-cef-server stdout] 2026-10-07T13:26:34.956686Z DEBUG            main ThreadId(01) web_render_cef_server::render_loop: Paint callback for nonce 1846879266 completed and removed
[10/07 22:26:34] [VERBOSE] [Plugin::web-render.aux2] [web_render_aux2] [web-render-cef-server stdout] 2026-10-07T13:26:34.956897Z DEBUG            main ThreadId(01) web_render_cef_server::render_loop: Batch response ready after ACK nonce=1846879266 elapsed_ms=175.5193
[10/07 22:26:34] [VERBOSE] [Plugin::web-render.aux2] [h2::codec::framed_read] received frame=Headers { stream_id: StreamId(5), flags: (0x4: END_HEADERS) }
[10/07 22:26:34] [VERBOSE] [Plugin::web-render.aux2] [h2::codec::framed_read] received frame=Data { stream_id: StreamId(5) }
[10/07 22:26:34] [VERBOSE] [Plugin::web-render.aux2] [h2::codec::framed_read] received frame=Headers { stream_id: StreamId(5), flags: (0x5: END_HEADERS | END_STREAM) }
[10/07 22:26:34] [VERBOSE] [Plugin::web-render.aux2] [web_render_aux2::module] Disposed image buffer for id 165
[10/07 22:26:34] [VERBOSE] [Render::RenderVideoWorker::requestRenderingFrame::<lambda_cce0aaad57625da48ea49cdf35315a3f>::operator ()] rendered video frame [0](0) 1858.916 ms
[10/07 22:26:36] [ERROR] [Plugin::web-render.aux2] [web_render_aux2] [web-render-cef-server stderr] [58960:50368:1007/222636.607:ERROR:google_apis\gcm\engine\registration_request.cc:291] Registration response error message: QUOTA_EXCEEDED
[10/07 22:26:38] [VERBOSE] [Plugin::web-render.aux2] [web_render_aux2] [web-render-cef-server stdout] 2026-10-07T13:26:38.368107Z DEBUG tokio-rt-worker ThreadId(02) web_render_cef_server::parent_process: Parent process check finished elapsed_ms=15.2089
[10/07 22:26:43] [VERBOSE] [Plugin::web-render.aux2] [web_render_aux2] [web-render-cef-server stdout] 2026-10-07T13:26:43.384486Z DEBUG tokio-rt-worker ThreadId(02) web_render_cef_server::parent_process: Parent process check finished elapsed_ms=14.1685
[10/07 22:26:48] [VERBOSE] [Plugin::web-render.aux2] [web_render_aux2] [web-render-cef-server stdout] 2026-10-07T13:26:48.399737Z DEBUG tokio-rt-worker ThreadId(02) web_render_cef_server::parent_process: Parent process check finished elapsed_ms=14.6675
[10/07 22:26:53] [VERBOSE] [Plugin::web-render.aux2] [web_render_aux2] [web-render-cef-server stdout] 2026-10-07T13:26:53.414826Z DEBUG tokio-rt-worker ThreadId(02) web_render_cef_server::parent_process: Parent process check finished elapsed_ms=13.5571
[10/07 22:26:58] [VERBOSE] [Plugin::web-render.aux2] [web_render_aux2] [web-render-cef-server stdout] 2026-10-07T13:26:58.431077Z DEBUG tokio-rt-worker ThreadId(02) web_render_cef_server::parent_process: Parent process check finished elapsed_ms=14.5399
[10/07 22:27:01] [INFO] [Plugin::web-render.aux2] [web_render_aux2] Shutting down web-render-cef server...
[10/07 22:27:01] [VERBOSE] [Plugin::web-render.aux2] [h2::codec::framed_write] send frame=Reset { stream_id: StreamId(3), error_code: CANCEL }
[10/07 22:27:01] [VERBOSE] [Plugin::web-render.aux2] [tower::buffer::worker] service.ready=true processing request
[10/07 22:27:01] [VERBOSE] [Plugin::web-render.aux2] [h2::codec::framed_write] send frame=Headers { stream_id: StreamId(7), flags: (0x4: END_HEADERS) }
[10/07 22:27:01] [VERBOSE] [Plugin::web-render.aux2] [h2::codec::framed_write] send frame=Data { stream_id: StreamId(7) }
[10/07 22:27:01] [VERBOSE] [Plugin::web-render.aux2] [h2::codec::framed_write] send frame=Data { stream_id: StreamId(7), flags: (0x1: END_STREAM) }
[10/07 22:27:01] [VERBOSE] [Plugin::web-render.aux2] [web_render_aux2] [web-render-cef-server stdout] 2026-10-07T13:27:01.845196Z  INFO            main ThreadId(01) web_render_cef_server::server: Received shutdown request
[10/07 22:27:01] [VERBOSE] [Plugin::web-render.aux2] [web_render_aux2] [web-render-cef-server stdout] 2026-10-07T13:27:01.845592Z  INFO            main ThreadId(01) web_render_cef_server: Received shutdown request
[10/07 22:27:01] [VERBOSE] [Plugin::web-render.aux2] [h2::codec::framed_read] received frame=Headers { stream_id: StreamId(7), flags: (0x4: END_HEADERS) }
[10/07 22:27:01] [VERBOSE] [Plugin::web-render.aux2] [h2::codec::framed_read] received frame=Data { stream_id: StreamId(7) }
[10/07 22:27:01] [VERBOSE] [Plugin::web-render.aux2] [h2::codec::framed_read] received frame=Headers { stream_id: StreamId(7), flags: (0x5: END_HEADERS | END_STREAM) }
[10/07 22:27:01] [VERBOSE] [Plugin::web-render.aux2] [h2::codec::framed_read] received frame=GoAway { error_code: NO_ERROR, last_stream_id: StreamId(2147483647) }
[10/07 22:27:01] [VERBOSE] [Plugin::web-render.aux2] [h2::codec::framed_write] send frame=GoAway { error_code: NO_ERROR, last_stream_id: StreamId(0) }
[10/07 22:27:01] [VERBOSE] [Plugin::web-render.aux2] [h2::proto::connection] Connection::poll; connection error error=GoAway(b"", NO_ERROR, Library)
[10/07 22:27:01] [VERBOSE] [Plugin::web-render.aux2] [web_render_aux2] [web-render-cef-server stdout] 2026-10-07T13:27:01.863565Z  INFO            main ThreadId(01) web_render_cef_server::server: Successfully killed vi5 process with PID: 0
[10/07 22:27:01] [VERBOSE] [Plugin::web-render.aux2] [web_render_aux2] [web-render-cef-server stdout] 2026-10-07T13:27:01.864098Z  INFO            main ThreadId(01) web_render_cef_server::handlers: Shutting down CEF
[10/07 22:27:02] [INFO] [Plugin::web-render.aux2] [web_render_aux2] CEF stopped: exit code: 0
[10/07 22:27:02] [INFO] [Plugin::web-render.aux2] [web_render_aux2] Shutting down Tokio runtime...
[10/07 22:27:02] [VERBOSE] [System::IniFile::Save::Save] saveFile : E:\Downloads\web_render_aux2_prototype\web-render\.aviutl2-cli\development\data\explorer.ini
[10/07 22:27:02] [VERBOSE] [System::IniFile::Save::Save] saveFile : E:\Downloads\web_render_aux2_prototype\web-render\.aviutl2-cli\development\data\history.ini
[10/07 22:27:02] [INFO] [Plugin::LuaModule::freeModule] free script module
